ticker,cik,cal_year,fiscal_period_end,anomaly_name,score_value,score_formatted,classification,explanation,dsri,sgi,lvgi,tata,x1_cash_ta,x2_re_ta,x3_ebit_ta,x4_mve_tl,x5_sales_ta,rev_growth,rec_growth
AFRM,0001820953,2021,2021-06-30,accruals_ratio,-0.05093459643346668,-0.051,NORMAL_ACCRUALS,Accruals Ratio = -0.051 (NORMAL: Accruals align closely with cash flow (<= 5% of assets)). Net Income ($-441.0M) minus CFO ($-193.1M) = $-247.9M net accruals on $4.87B total assets.,,,,,,,,,,,
AFRM,0001820953,2021,2021-06-30,adapted_altman_z_score,4.7761865570907736,4.78,SAFE_ZONE,"Adapted Z-Score = 4.78 (SAFE ZONE (> 2.99)). Drivers: Cash/TA = 0.30 (Cash: $1467M), RE/TA = -0.18 (negative (accumulated deficit) RE: -898M), EBIT/TA = -0.08, MVE/TL = 7.92x (MVE: $18.16B / Liabilities: $2.29B), Sales/TA = 0.18x. Cash/TA substituted for WC/TA per financial institution adaptation.",,,,,0.30132893853605336,-0.1846088128397008,-0.07883082009801998,7.924188830266163,0.17885142841527382,,
AFRM,0001820953,2021,2021-06-30,adapted_beneish_m_score,,N/A — initial history period,INSUFFICIENT_HISTORY,Beneish M-Score requires a prior-year baseline (t-1) to compute growth indexes.,,,,,,,,,,,
AFRM,0001820953,2021,2021-06-30,growth_divergence,,N/A — initial history period,INSUFFICIENT_HISTORY,Requires prior-year baseline (t-1) to compute growth rates.,,,,,,,,,,,
AFRM,0001820953,2022,2022-06-30,accruals_ratio,-0.07818171233096714,-0.078,NORMAL_ACCRUALS,Accruals Ratio = -0.078 (NORMAL: Accruals align closely with cash flow (<= 5% of assets)). Net Income ($-707.4M) minus CFO ($-162.2M) = $-545.2M net accruals on $6.97B total assets.,,,,,,,,,,,
AFRM,0001820953,2022,2022-06-30,adapted_altman_z_score,0.42754526450586927,0.43,DISTRESS_ZONE,"Adapted Z-Score = 0.43 (DISTRESS (< 1.81)). Drivers: Cash/TA = 0.18 (Cash: $1255M), RE/TA = -0.23 (negative (accumulated deficit) RE: -1606M), EBIT/TA = -0.12, MVE/TL = 1.25x (MVE: $5.45B / Liabilities: $4.36B), Sales/TA = 0.19x. Cash/TA substituted for WC/TA per financial institution adaptation.",,,,,0.17998400296424097,-0.23027672749631764,-0.12418609559906577,1.2507984745479732,0.1934803905823403,,
AFRM,0001820953,2022,2022-06-30,adapted_beneish_m_score,-2.650809039610488,-2.65,LOW_MANIPULATION_RISK,"Adapted M-Score (ex-GMI, financial institution adjustment) = -2.65 (LOW RISK: <= -1.78). Drivers: SGI = 1.55 (+55.0% YoY revenue growth), TATA = -0.078 (net accruals of $-545.2M vs assets), DSRI = 0.80, LVGI = 1.33. Gross Margin Index (GMI) dropped per financial institution adjustment.",0.7953889633872503,1.5500836335563561,1.3265469608894926,-0.07818171233096714,,,,,,,
AFRM,0001820953,2022,2022-06-30,growth_divergence,-0.3171642190984236,-31.7%,RAPID_TURNOVER_EXPANSION,Divergence = -31.7% (TURNOVER EXPANSION: Revenue growth significantly outpaces receivables (> +20%)). Receivables grew +23.3% YoY ($1905M -> $2348M) while Revenue grew +55.0% YoY ($870M -> $1349M).,,,,,,,,,,0.5500836335563561,0.23291941445793254
AFRM,0001820953,2023,2023-06-30,accruals_ratio,-0.12231156080810583,-0.122,STRONG_CASH_CONVERSION,Accruals Ratio = -0.122 (HIGH QUALITY: Cash flow significantly exceeds net income). Net Income ($-985.3M) minus CFO ($+12.2M) = $-997.5M net accruals on $8.16B total assets.,,,,,,,,,,,
AFRM,0001820953,2023,2023-06-30,adapted_altman_z_score,-0.11765777531105445,-0.12,DISTRESS_ZONE,"Adapted Z-Score = -0.12 (DISTRESS (< 1.81)). Drivers: Cash/TA = 0.11 (Cash: $892M), RE/TA = -0.32 (negative (accumulated deficit) RE: -2591M), EBIT/TA = -0.15, MVE/TL = 0.81x (MVE: $4.57B / Liabilities: $5.62B), Sales/TA = 0.19x. Cash/TA substituted for WC/TA per financial institution adaptation.",,,,,0.10937581040792141,-0.3177255179407071,-0.14724358616732153,0.8121581404971777,0.19471063800829244,,
AFRM,0001820953,2023,2023-06-30,adapted_beneish_m_score,-2.503215322687935,-2.50,LOW_MANIPULATION_RISK,"Adapted M-Score (ex-GMI, financial institution adjustment) = -2.50 (LOW RISK: <= -1.78). Drivers: SGI = 1.18 (+17.7% YoY revenue growth), TATA = -0.122 (net accruals of $-997.5M vs assets), DSRI = 1.52, LVGI = 1.10. Gross Margin Index (GMI) dropped per financial institution adjustment.",1.5192079325604566,1.1769024051132002,1.1036148311251965,-0.12231156080810583,,,,,,,
AFRM,0001820953,2023,2023-06-30,growth_divergence,0.6110570645842536,+61.1%,WARNING_RECEIVABLES_SURGE,Divergence = +61.1% (WARNING: Receivables growth significantly outpaces revenue (> +20%)). Receivables grew +78.8% YoY ($2348M -> $4198M) while Revenue grew +17.7% YoY ($1349M -> $1588M).,,,,,,,,,,0.1769024051132001,0.7879594696974537
AFRM,0001820953,2024,2024-06-30,accruals_ratio,-0.10167371194162288,-0.102,STRONG_CASH_CONVERSION,Accruals Ratio = -0.102 (HIGH QUALITY: Cash flow significantly exceeds net income). Net Income ($-517.8M) minus CFO ($+450.1M) = $-967.9M net accruals on $9.52B total assets.,,,,,,,,,,,
AFRM,0001820953,2024,2024-06-30,adapted_altman_z_score,0.5262777040638382,0.53,DISTRESS_ZONE,"Adapted Z-Score = 0.53 (DISTRESS (< 1.81)). Drivers: Cash/TA = 0.11 (Cash: $1013M), RE/TA = -0.33 (negative (accumulated deficit) RE: -3109M), EBIT/TA = -0.06, MVE/TL = 1.38x (MVE: $9.34B / Liabilities: $6.79B), Sales/TA = 0.24x. Cash/TA substituted for WC/TA per financial institution adaptation.",,,,,0.10642295663303332,-0.3265891208461179,-0.06469239997945296,1.375836002449694,0.24402226601715887,,
AFRM,0001820953,2024,2024-06-30,adapted_beneish_m_score,-2.761713195215495,-2.76,LOW_MANIPULATION_RISK,"Adapted M-Score (ex-GMI, financial institution adjustment) = -2.76 (LOW RISK: <= -1.78). Drivers: SGI = 1.46 (+46.3% YoY revenue growth), TATA = -0.102 (net accruals of $-967.9M vs assets), DSRI = 0.87, LVGI = 1.03. Gross Margin Index (GMI) dropped per financial institution adjustment.",0.8728765749872075,1.4628595358268497,1.034447246087344,-0.10167371194162288,,,,,,,
AFRM,0001820953,2024,2024-06-30,growth_divergence,-0.18596371450693283,-18.6%,NORMAL_ALIGNED,Divergence = -18.6% (NORMAL: Revenue and receivables growth are reasonably aligned (within +/-20%)). Receivables grew +27.7% YoY ($4198M -> $5361M) while Revenue grew +46.3% YoY ($1588M -> $2323M).,,,,,,,,,,0.46285953582684974,0.2768958213199169
AFRM,0001820953,2025,2025-06-30,accruals_ratio,-0.06649284813914996,-0.066,NORMAL_ACCRUALS,Accruals Ratio = -0.066 (NORMAL: Accruals align closely with cash flow (<= 5% of assets)). Net Income ($+52.2M) minus CFO ($+793.9M) = $-741.7M net accruals on $11.15B total assets.,,,,,,,,,,,
AFRM,0001820953,2025,2025-06-30,adapted_altman_z_score,1.654224328580273,1.65,DISTRESS_ZONE,"Adapted Z-Score = 1.65 (DISTRESS (< 1.81)). Drivers: Cash/TA = 0.12 (Cash: $1354M), RE/TA = -0.27 (negative (accumulated deficit) RE: -3057M), EBIT/TA = -0.01, MVE/TL = 2.72x (MVE: $21.96B / Liabilities: $8.09B), Sales/TA = 0.29x. Cash/TA substituted for WC/TA per financial institution adaptation.",,,,,0.12142210855846775,-0.2740329409537255,-0.007823716314106527,2.715356808842921,0.2890571513274535,,
AFRM,0001820953,2025,2025-06-30,adapted_beneish_m_score,-2.670525185571504,-2.67,LOW_MANIPULATION_RISK,"Adapted M-Score (ex-GMI, financial institution adjustment) = -2.67 (LOW RISK: <= -1.78). Drivers: SGI = 1.39 (+38.8% YoY revenue growth), TATA = -0.066 (net accruals of $-741.7M vs assets), DSRI = 0.89, LVGI = 1.02. Gross Margin Index (GMI) dropped per financial institution adjustment.",0.8907959090616516,1.3880384795688676,1.0166324848347237,-0.06649284813914996,,,,,,,
AFRM,0001820953,2025,2025-06-30,growth_divergence,-0.15157948034876545,-15.2%,NORMAL_ALIGNED,Divergence = -15.2% (NORMAL: Revenue and receivables growth are reasonably aligned (within +/-20%)). Receivables grew +23.6% YoY ($5361M -> $6629M) while Revenue grew +38.8% YoY ($2323M -> $3224M).,,,,,,,,,,0.38803847956886767,0.23645899922010222
AFRM,0001820953,2026,2026-06-30,accruals_ratio,0.04425664661281199,+0.044,NORMAL_ACCRUALS,Accruals Ratio = +0.044 (NORMAL: Accruals align closely with cash flow (<= 5% of assets)). Net Income ($+1929.8M) minus CFO ($+1231.0M) = $+698.8M net accruals on $15.79B total assets.,,,,,,,,,,,
AFRM,0001820953,2026,2026-06-30,adapted_altman_z_score,1.9753177079780602,1.98,GREY_ZONE,"Adapted Z-Score = 1.98 (GREY ZONE (1.81–2.99)). Drivers: Cash/TA = 0.10 (Cash: $1630M), RE/TA = -0.07 (negative (accumulated deficit) RE: -1127M), EBIT/TA = +0.03, MVE/TL = 2.66x (MVE: $27.39B / Liabilities: $10.31B), Sales/TA = 0.27x. Cash/TA substituted for WC/TA per financial institution adaptation.",,,,,0.10323133133394316,-0.07137520180304834,0.02640741556063946,2.657722960966373,0.2698570019736357,,
AFRM,0001820953,2026,2026-06-30,adapted_beneish_m_score,-2.161142918666252,-2.16,LOW_MANIPULATION_RISK,"Adapted M-Score (ex-GMI, financial institution adjustment) = -2.16 (LOW RISK: <= -1.78). Drivers: SGI = 1.32 (+32.2% YoY revenue growth), TATA = +0.044 (net accruals of $+698.8M vs assets), DSRI = 1.03, LVGI = 0.90. Gross Margin Index (GMI) dropped per financial institution adjustment.",1.0271354735241378,1.321506680908023,0.9004404876349499,0.04425664661281199,,,,,,,
AFRM,0001820953,2026,2026-06-30,growth_divergence,0.035859709551750996,+3.6%,NORMAL_ALIGNED,Divergence = +3.6% (NORMAL: Revenue and receivables growth are reasonably aligned (within +/-20%)). Receivables grew +35.7% YoY ($6629M -> $8997M) while Revenue grew +32.2% YoY ($3224M -> $4261M).,,,,,,,,,,0.3215066809080229,0.3573663904597739
ENVA,0001529864,2021,2021-12-31,accruals_ratio,-0.07806421404730719,-0.078,NORMAL_ACCRUALS,Accruals Ratio = -0.078 (NORMAL: Accruals align closely with cash flow (<= 5% of assets)). Net Income ($+256.3M) minus CFO ($+471.9M) = $-215.6M net accruals on $2.76B total assets.,,,,,,,,,,,
ENVA,0001529864,2021,2021-12-31,adapted_altman_z_score,2.0610054577504555,2.06,GREY_ZONE,"Adapted Z-Score = 2.06 (GREY ZONE (1.81–2.99)). Drivers: Cash/TA = 0.06 (Cash: $165M), RE/TA = +0.40 (positive RE: +1106M), EBIT/TA = +0.15, MVE/TL = 0.83x (MVE: $1.38B / Liabilities: $1.67B), Sales/TA = 0.44x. Cash/TA substituted for WC/TA per financial institution adaptation.",,,,,0.059923236898434644,0.40042288871595444,0.1495801350216532,0.8298450304209136,0.437421486932927,,
ENVA,0001529864,2021,2021-12-31,adapted_beneish_m_score,,N/A — initial history period,INSUFFICIENT_HISTORY,Beneish M-Score requires a prior-year baseline (t-1) to compute growth indexes.,,,,,,,,,,,
ENVA,0001529864,2021,2021-12-31,growth_divergence,,N/A — securitized/fair-value receivables structure,NOT_APPLICABLE,Receivables are off-balance-sheet or carried under ASC 825 Fair Value Option; revenue-receivables divergence is structurally inapplicable.,,,,,,,,,,,
ENVA,0001529864,2022,2022-12-31,accruals_ratio,-0.18159062590835118,-0.182,STRONG_CASH_CONVERSION,Accruals Ratio = -0.182 (HIGH QUALITY: Cash flow significantly exceeds net income). Net Income ($+207.4M) minus CFO ($+894.0M) = $-686.6M net accruals on $3.78B total assets.,,,,,,,,,,,
ENVA,0001529864,2022,2022-12-31,adapted_altman_z_score,1.5918523396973807,1.59,DISTRESS_ZONE,"Adapted Z-Score = 1.59 (DISTRESS (< 1.81)). Drivers: Cash/TA = 0.03 (Cash: $100M), RE/TA = +0.35 (positive RE: +1313M), EBIT/TA = +0.10, MVE/TL = 0.47x (MVE: $1.21B / Liabilities: $2.59B), Sales/TA = 0.46x. Cash/TA substituted for WC/TA per financial institution adaptation.",,,,,0.026492446617713453,0.3473217542223535,0.10156129947216118,0.4665734636245998,0.4591737551671049,,
ENVA,0001529864,2022,2022-12-31,adapted_beneish_m_score,-2.9869221614902206,-2.99,LOW_MANIPULATION_RISK,"Adapted M-Score (ex-GMI, financial institution adjustment) = -2.99 (LOW RISK: <= -1.78). Drivers: SGI = 1.44 (+43.7% YoY revenue growth), TATA = -0.182 (net accruals of $-686.6M vs assets), DSRI = 1.00 (DSRI neutralized to 1.0 due to off-balance-sheet/FVO receivables), LVGI = 1.14. Gross Margin Index (GMI) dropped per financial institution adjustment.",1.0,1.4372373610435025,1.1358859098161778,-0.18159062590835118,,,,,,,
ENVA,0001529864,2022,2022-12-31,growth_divergence,,N/A — securitized/fair-value receivables structure,NOT_APPLICABLE,Receivables are off-balance-sheet or carried under ASC 825 Fair Value Option; revenue-receivables divergence is structurally inapplicable.,,,,,,,,,,,
ENVA,0001529864,2023,2023-12-31,accruals_ratio,-0.21627744281148376,-0.216,STRONG_CASH_CONVERSION,Accruals Ratio = -0.216 (HIGH QUALITY: Cash flow significantly exceeds net income). Net Income ($+175.1M) minus CFO ($+1166.9M) = $-991.7M net accruals on $4.59B total assets.,,,,,,,,,,,
ENVA,0001529864,2023,2023-12-31,adapted_altman_z_score,1.5135075268045035,1.51,DISTRESS_ZONE,"Adapted Z-Score = 1.51 (DISTRESS (< 1.81)). Drivers: Cash/TA = 0.01 (Cash: $54M), RE/TA = +0.32 (positive RE: +1488M), EBIT/TA = +0.09, MVE/TL = 0.47x (MVE: $1.56B / Liabilities: $3.35B), Sales/TA = 0.46x. Cash/TA substituted for WC/TA per financial institution adaptation.",,,,,0.011854012268140519,0.3245653288950299,0.0920579404457843,0.46625577665403306,0.4618083905567419,,
ENVA,0001529864,2023,2023-12-31,adapted_beneish_m_score,-3.323308155448045,-3.32,LOW_MANIPULATION_RISK,"Adapted M-Score (ex-GMI, financial institution adjustment) = -3.32 (LOW RISK: <= -1.78). Drivers: SGI = 1.22 (+22.0% YoY revenue growth), TATA = -0.216 (net accruals of $-991.7M vs assets), DSRI = 1.00 (DSRI neutralized to 1.0 due to off-balance-sheet/FVO receivables), LVGI = 1.06. Gross Margin Index (GMI) dropped per financial institution adjustment.",1.0,1.2197784094672783,1.0630440347737813,-0.21627744281148376,,,,,,,
ENVA,0001529864,2023,2023-12-31,growth_divergence,,N/A — securitized/fair-value receivables structure,NOT_APPLICABLE,Receivables are off-balance-sheet or carried under ASC 825 Fair Value Option; revenue-receivables divergence is structurally inapplicable.,,,,,,,,,,,
ENVA,0001529864,2024,2024-12-31,accruals_ratio,-0.2523917464263612,-0.252,STRONG_CASH_CONVERSION,Accruals Ratio = -0.252 (HIGH QUALITY: Cash flow significantly exceeds net income). Net Income ($+209.4M) minus CFO ($+1538.6M) = $-1329.1M net accruals on $5.27B total assets.,,,,,,,,,,,
ENVA,0001529864,2024,2024-12-31,adapted_altman_z_score,1.7075038799435167,1.71,DISTRESS_ZONE,"Adapted Z-Score = 1.71 (DISTRESS (< 1.81)). Drivers: Cash/TA = 0.01 (Cash: $74M), RE/TA = +0.32 (positive RE: +1698M), EBIT/TA = +0.11, MVE/TL = 0.61x (MVE: $2.50B / Liabilities: $4.07B), Sales/TA = 0.50x. Cash/TA substituted for WC/TA per financial institution adaptation.",,,,,0.014034971784788491,0.3223911444664024,0.11104129388349815,0.614476394779783,0.5046969017671608,,
ENVA,0001529864,2024,2024-12-31,adapted_beneish_m_score,-3.4377418900632755,-3.44,LOW_MANIPULATION_RISK,"Adapted M-Score (ex-GMI, financial institution adjustment) = -3.44 (LOW RISK: <= -1.78). Drivers: SGI = 1.26 (+25.5% YoY revenue growth), TATA = -0.252 (net accruals of $-1329.1M vs assets), DSRI = 1.00 (DSRI neutralized to 1.0 due to off-balance-sheet/FVO receivables), LVGI = 1.06. Gross Margin Index (GMI) dropped per financial institution adjustment.",1.0,1.2550769984874666,1.059171486517579,-0.2523917464263612,,,,,,,
ENVA,0001529864,2024,2024-12-31,growth_divergence,,N/A — securitized/fair-value receivables structure,NOT_APPLICABLE,Receivables are off-balance-sheet or carried under ASC 825 Fair Value Option; revenue-receivables divergence is structurally inapplicable.,,,,,,,,,,,
ENVA,0001529864,2025,2025-12-31,accruals_ratio,-0.2335545925194854,-0.234,STRONG_CASH_CONVERSION,Accruals Ratio = -0.234 (HIGH QUALITY: Cash flow significantly exceeds net income). Net Income ($+308.4M) minus CFO ($+1819.1M) = $-1510.7M net accruals on $6.47B total assets.,,,,,,,,,,,
ENVA,0001529864,2025,2025-12-31,adapted_altman_z_score,1.7724603177825002,1.77,DISTRESS_ZONE,"Adapted Z-Score = 1.77 (DISTRESS (< 1.81)). Drivers: Cash/TA = 0.01 (Cash: $72M), RE/TA = +0.31 (positive RE: +2006M), EBIT/TA = +0.11, MVE/TL = 0.77x (MVE: $3.94B / Liabilities: $5.13B), Sales/TA = 0.49x. Cash/TA substituted for WC/TA per financial institution adaptation.",,,,,0.0110859942564133,0.3101436329546326,0.11431394810983558,0.768285392625419,0.4872360102108208,,
ENVA,0001529864,2025,2025-12-31,adapted_beneish_m_score,-3.424541774285582,-3.42,LOW_MANIPULATION_RISK,"Adapted M-Score (ex-GMI, financial institution adjustment) = -3.42 (LOW RISK: <= -1.78). Drivers: SGI = 1.19 (+18.6% YoY revenue growth), TATA = -0.234 (net accruals of $-1510.7M vs assets), DSRI = 1.00 (DSRI neutralized to 1.0 due to off-balance-sheet/FVO receivables), LVGI = 1.03. Gross Margin Index (GMI) dropped per financial institution adjustment.",1.0,1.1858127022349312,1.0267029150465516,-0.2335545925194854,,,,,,,
ENVA,0001529864,2025,2025-12-31,growth_divergence,,N/A — securitized/fair-value receivables structure,NOT_APPLICABLE,Receivables are off-balance-sheet or carried under ASC 825 Fair Value Option; revenue-receivables divergence is structurally inapplicable.,,,,,,,,,,,
ENVA,0001529864,2026,,accruals_ratio,,"N/A — missing NI, CFO, or Assets",MISSING_DATA,"Cannot compute Accruals Ratio due to missing Net Income, Operating Cash Flow, or Assets.",,,,,,,,,,,
ENVA,0001529864,2026,,adapted_altman_z_score,,N/A — missing fundamental components,MISSING_DATA,Cannot compute Altman Z-Score due to missing fundamental line items (e.g. pending 10-K filing or unpopulated balance sheet tags).,,,,,,,,,,,
ENVA,0001529864,2026,,adapted_beneish_m_score,,"N/A — missing revenue, total_assets, total_liabilities, net_income, operating_cash_flow",MISSING_DATA,"Cannot compute Beneish M-Score due to missing historical inputs: revenue, total_assets, total_liabilities, net_income, operating_cash_flow.",,,,,,,,,,,
ENVA,0001529864,2026,,growth_divergence,,N/A — securitized/fair-value receivables structure,NOT_APPLICABLE,Receivables are off-balance-sheet or carried under ASC 825 Fair Value Option; revenue-receivables divergence is structurally inapplicable.,,,,,,,,,,,
LC,0001409970,2021,2021-12-31,accruals_ratio,-0.045158080524961744,-0.045,NORMAL_ACCRUALS,Accruals Ratio = -0.045 (NORMAL: Accruals align closely with cash flow (<= 5% of assets)). Net Income ($+18.6M) minus CFO ($+239.9M) = $-221.3M net accruals on $4.90B total assets.,,,,,,,,,,,
LC,0001409970,2021,2021-12-31,adapted_altman_z_score,0.3393580996034262,0.34,DISTRESS_ZONE,"Adapted Z-Score = 0.34 (DISTRESS (< 1.81)). Drivers: Cash/TA = 0.00 (Cash: $0M), RE/TA = -0.15 (negative (accumulated deficit) RE: -717M), EBIT/TA = +0.02 (Synthetic EBIT), MVE/TL = 0.70x (MVE: $2.82B / Liabilities: $4.05B), Sales/TA = 0.06x. Cash/TA substituted for WC/TA per financial institution adaptation.",,,,,0.0,-0.14640475446598478,0.020089508458530966,0.6972189889714534,0.059757742302082785,,
LC,0001409970,2021,2021-12-31,adapted_beneish_m_score,,N/A — initial history period,INSUFFICIENT_HISTORY,Beneish M-Score requires a prior-year baseline (t-1) to compute growth indexes.,,,,,,,,,,,
LC,0001409970,2021,2021-12-31,growth_divergence,,N/A — initial history period,INSUFFICIENT_HISTORY,Requires prior-year baseline (t-1) to compute growth rates.,,,,,,,,,,,
LC,0001409970,2022,2022-12-31,accruals_ratio,-0.010762621922725119,-0.011,NORMAL_ACCRUALS,Accruals Ratio = -0.011 (NORMAL: Accruals align closely with cash flow (<= 5% of assets)). Net Income ($+289.7M) minus CFO ($+375.6M) = $-85.9M net accruals on $7.98B total assets.,,,,,,,,,,,
LC,0001409970,2022,2022-12-31,adapted_altman_z_score,0.18150444768755708,0.18,DISTRESS_ZONE,"Adapted Z-Score = 0.18 (DISTRESS (< 1.81)). Drivers: Cash/TA = 0.00 (Cash: $0M), RE/TA = -0.05 (negative (accumulated deficit) RE: -428M), EBIT/TA = +0.03 (Synthetic EBIT), MVE/TL = 0.15x (MVE: $1.02B / Liabilities: $6.82B), Sales/TA = 0.07x. Cash/TA substituted for WC/TA per financial institution adaptation.",,,,,0.0,-0.0536038297956063,0.029518730355736843,0.14893920653571271,0.06984431962567235,,
LC,0001409970,2022,2022-12-31,adapted_beneish_m_score,-1.9792895381672004,-1.98,LOW_MANIPULATION_RISK,"Adapted M-Score (ex-GMI, financial institution adjustment) = -1.98 (LOW RISK: <= -1.78). Drivers: SGI = 1.90 (+90.3% YoY revenue growth), TATA = -0.011 (net accruals of $-85.9M vs assets), DSRI = 0.90, LVGI = 1.03. Gross Margin Index (GMI) dropped per financial institution adjustment.",0.8974405340550442,1.9032755982952683,1.0333957652850503,-0.010762621922725119,,,,,,,
LC,0001409970,2022,2022-12-31,growth_divergence,-0.19519892890722867,-19.5%,NORMAL_ALIGNED,Divergence = -19.5% (NORMAL: Revenue and receivables growth are reasonably aligned (within +/-20%)). Receivables grew +70.8% YoY ($2755M -> $4705M) while Revenue grew +90.3% YoY ($293M -> $557M).,,,,,,,,,,0.9032755982952683,0.7080766693880396
LC,0001409970,2023,2023-12-31,accruals_ratio,0.13316838597907463,+0.133,HIGH_ACCRUALS_RISK,Accruals Ratio = +0.133 (HIGH RISK: Earnings heavily exceed cash flow (> 10% of assets)). Net Income ($+38.9M) minus CFO ($-1136.6M) = $+1175.5M net accruals on $8.83B total assets.,,,,,,,,,,,
LC,0001409970,2023,2023-12-31,adapted_altman_z_score,0.23406209265934025,0.23,DISTRESS_ZONE,"Adapted Z-Score = 0.23 (DISTRESS (< 1.81)). Drivers: Cash/TA = 0.00 (Cash: $0M), RE/TA = -0.04 (negative (accumulated deficit) RE: -389M), EBIT/TA = +0.04 (Synthetic EBIT), MVE/TL = 0.13x (MVE: $1.01B / Liabilities: $7.58B), Sales/TA = 0.09x. Cash/TA substituted for WC/TA per financial institution adaptation.",,,,,0.0,-0.04404504442556145,0.036863252782821064,0.13308009950554264,0.09432268365214332,,
LC,0001409970,2023,2023-12-31,adapted_beneish_m_score,-1.9957744472833134,-2.00,LOW_MANIPULATION_RISK,"Adapted M-Score (ex-GMI, financial institution adjustment) = -2.00 (LOW RISK: <= -1.78). Drivers: SGI = 1.49 (+49.4% YoY revenue growth), TATA = +0.133 (net accruals of $+1175.5M vs assets), DSRI = 0.65, LVGI = 1.00. Gross Margin Index (GMI) dropped per financial institution adjustment.",0.6458451125553746,1.493935479240679,1.0047959475697945,0.13316838597907463,,,,,,,
LC,0001409970,2023,2023-12-31,growth_divergence,-0.5290845515000153,-52.9%,RAPID_TURNOVER_EXPANSION,Divergence = -52.9% (TURNOVER EXPANSION: Revenue growth significantly outpaces receivables (> +20%)). Receivables grew -3.5% YoY ($4705M -> $4540M) while Revenue grew +49.4% YoY ($557M -> $833M).,,,,,,,,,,0.49393547924067893,-0.03514907225933638
LC,0001409970,2024,2024-12-31,accruals_ratio,0.25262233445265886,+0.253,HIGH_ACCRUALS_RISK,Accruals Ratio = +0.253 (HIGH RISK: Earnings heavily exceed cash flow (> 10% of assets)). Net Income ($+51.3M) minus CFO ($-2634.2M) = $+2685.5M net accruals on $10.63B total assets.,,,,,,,,,,,
LC,0001409970,2024,2024-12-31,adapted_altman_z_score,0.29942377170751067,0.30,DISTRESS_ZONE,"Adapted Z-Score = 0.30 (DISTRESS (< 1.81)). Drivers: Cash/TA = 0.00 (Cash: $0M), RE/TA = -0.03 (negative (accumulated deficit) RE: -337M), EBIT/TA = +0.04 (Synthetic EBIT), MVE/TL = 0.20x (MVE: $1.89B / Liabilities: $9.29B), Sales/TA = 0.09x. Cash/TA substituted for WC/TA per financial institution adaptation.",,,,,0.0,-0.031745986951330366,0.04129463603295007,0.20378446569062644,0.08541058570196404,,
LC,0001409970,2024,2024-12-31,adapted_beneish_m_score,-1.7444441423656618,-1.74,ELEVATED_MANIPULATION_RISK,"Adapted M-Score (ex-GMI, financial institution adjustment) = -1.74 (ELEVATED RISK: > -1.78). Drivers: SGI = 1.09 (+9.0% YoY revenue growth), TATA = +0.253 (net accruals of $+2685.5M vs assets), DSRI = 0.79, LVGI = 1.02. Gross Margin Index (GMI) dropped per financial institution adjustment.",0.7855718215431182,1.090469956643407,1.0181717523965497,0.25262233445265886,,,,,,,
LC,0001409970,2024,2024-12-31,growth_divergence,-0.23382748646500062,-23.4%,RAPID_TURNOVER_EXPANSION,Divergence = -23.4% (TURNOVER EXPANSION: Revenue growth significantly outpaces receivables (> +20%)). Receivables grew -14.3% YoY ($4540M -> $3889M) while Revenue grew +9.0% YoY ($833M -> $908M).,,,,,,,,,,0.09046995664340704,-0.14335752982159358
LC,0001409970,2025,2025-12-31,accruals_ratio,0.24746391194327433,+0.247,HIGH_ACCRUALS_RISK,Accruals Ratio = +0.247 (HIGH RISK: Earnings heavily exceed cash flow (> 10% of assets)). Net Income ($+135.7M) minus CFO ($-2726.9M) = $+2862.6M net accruals on $11.57B total assets.,,,,,,,,,,,
LC,0001409970,2025,2025-12-31,adapted_altman_z_score,0.33731707256676263,0.34,DISTRESS_ZONE,"Adapted Z-Score = 0.34 (DISTRESS (< 1.81)). Drivers: Cash/TA = 0.00 (Cash: $0M), RE/TA = -0.02 (negative (accumulated deficit) RE: -202M), EBIT/TA = +0.04 (Synthetic EBIT), MVE/TL = 0.22x (MVE: $2.22B / Liabilities: $10.07B), Sales/TA = 0.08x. Cash/TA substituted for WC/TA per financial institution adaptation.",,,,,0.0,-0.017444865997176994,0.04433135865923179,0.22067877406748718,0.0831222592060593,,
LC,0001409970,2025,2025-12-31,adapted_beneish_m_score,-1.6239242343191684,-1.62,ELEVATED_MANIPULATION_RISK,"Adapted M-Score (ex-GMI, financial institution adjustment) = -1.62 (ELEVATED RISK: > -1.78). Drivers: SGI = 1.06 (+5.9% YoY revenue growth), TATA = +0.247 (net accruals of $+2862.6M vs assets), DSRI = 0.97, LVGI = 1.00. Gross Margin Index (GMI) dropped per financial institution adjustment.",0.9704906840059677,1.0590170470440263,0.9960036060266632,0.24746391194327433,,,,,,,
LC,0001409970,2025,2025-12-31,growth_divergence,-0.03125086868428911,-3.1%,NORMAL_ALIGNED,Divergence = -3.1% (NORMAL: Revenue and receivables growth are reasonably aligned (within +/-20%)). Receivables grew +2.8% YoY ($3889M -> $3997M) while Revenue grew +5.9% YoY ($908M -> $962M).,,,,,,,,,,0.059017047044026265,0.027766178359737152
LC,0001409970,2026,,accruals_ratio,,"N/A — missing NI, CFO, or Assets",MISSING_DATA,"Cannot compute Accruals Ratio due to missing Net Income, Operating Cash Flow, or Assets.",,,,,,,,,,,
LC,0001409970,2026,,adapted_altman_z_score,,N/A — missing fundamental components,MISSING_DATA,Cannot compute Altman Z-Score due to missing fundamental line items (e.g. pending 10-K filing or unpopulated balance sheet tags).,,,,,,,,,,,
LC,0001409970,2026,,adapted_beneish_m_score,,"N/A — missing revenue, total_assets, total_liabilities, net_income, operating_cash_flow",MISSING_DATA,"Cannot compute Beneish M-Score due to missing historical inputs: revenue, total_assets, total_liabilities, net_income, operating_cash_flow.",,,,,,,,,,,
LC,0001409970,2026,,growth_divergence,,N/A — missing revenue or receivables,MISSING_DATA,Cannot compute divergence due to missing or non-positive revenue or receivables figures.,,,,,,,,,,,
OMF,0001584207,2021,2021-12-31,accruals_ratio,-0.04222674813306178,-0.042,NORMAL_ACCRUALS,Accruals Ratio = -0.042 (NORMAL: Accruals align closely with cash flow (<= 5% of assets)). Net Income ($+1314.0M) minus CFO ($+2247.0M) = $-933.0M net accruals on $22.09B total assets.,,,,,,,,,,,
OMF,0001584207,2021,2021-12-31,adapted_altman_z_score,0.9385022177624622,0.94,DISTRESS_ZONE,"Adapted Z-Score = 0.94 (DISTRESS (< 1.81)). Drivers: Cash/TA = 0.02 (Cash: $541M), RE/TA = +0.08 (positive RE: +1727M), EBIT/TA = +0.12 (Synthetic EBIT), MVE/TL = 0.34x (MVE: $6.40B / Liabilities: $18.99B), Sales/TA = 0.20x. Cash/TA substituted for WC/TA per financial institution adaptation.",,,,,0.024485177642000453,0.07816248019914007,0.12120389228332201,0.33734408248182873,0.19751074903824395,,
OMF,0001584207,2021,2021-12-31,adapted_beneish_m_score,,N/A — initial history period,INSUFFICIENT_HISTORY,Beneish M-Score requires a prior-year baseline (t-1) to compute growth indexes.,,,,,,,,,,,
OMF,0001584207,2021,2021-12-31,growth_divergence,,N/A — initial history period,INSUFFICIENT_HISTORY,Requires prior-year baseline (t-1) to compute growth rates.,,,,,,,,,,,
OMF,0001584207,2022,2022-12-31,accruals_ratio,-0.06722278919110795,-0.067,NORMAL_ACCRUALS,Accruals Ratio = -0.067 (NORMAL: Accruals align closely with cash flow (<= 5% of assets)). Net Income ($+872.0M) minus CFO ($+2387.0M) = $-1515.0M net accruals on $22.54B total assets.,,,,,,,,,,,
OMF,0001584207,2022,2022-12-31,adapted_altman_z_score,0.7781567821032557,0.78,DISTRESS_ZONE,"Adapted Z-Score = 0.78 (DISTRESS (< 1.81)). Drivers: Cash/TA = 0.02 (Cash: $498M), RE/TA = +0.09 (positive RE: +2119M), EBIT/TA = +0.09 (Synthetic EBIT), MVE/TL = 0.21x (MVE: $4.02B / Liabilities: $19.52B), Sales/TA = 0.20x. Cash/TA substituted for WC/TA per financial institution adaptation.",,,,,0.022096996050938456,0.09402316191152327,0.09082841549452013,0.2061391192454684,0.1967875049917913,,
OMF,0001584207,2022,2022-12-31,adapted_beneish_m_score,-2.8880822296600943,-2.89,LOW_MANIPULATION_RISK,"Adapted M-Score (ex-GMI, financial institution adjustment) = -2.89 (LOW RISK: <= -1.78). Drivers: SGI = 1.02 (+1.6% YoY revenue growth), TATA = -0.067 (net accruals of $-1515.0M vs assets), DSRI = 1.02, LVGI = 1.01. Gross Margin Index (GMI) dropped per financial institution adjustment.",1.0182826694546896,1.0162694775435381,1.0080654567968876,-0.06722278919110795,,,,,,,
OMF,0001584207,2022,2022-12-31,growth_divergence,0.018580118934818528,+1.9%,NORMAL_ALIGNED,Divergence = +1.9% (NORMAL: Revenue and receivables growth are reasonably aligned (within +/-20%)). Receivables grew +3.5% YoY ($16356M -> $16926M) while Revenue grew +1.6% YoY ($4364M -> $4435M).,,,,,,,,,,0.01626947754353804,0.034849596478356566
OMF,0001584207,2023,2023-12-31,accruals_ratio,-0.07730303778710793,-0.077,NORMAL_ACCRUALS,Accruals Ratio = -0.077 (NORMAL: Accruals align closely with cash flow (<= 5% of assets)). Net Income ($+641.0M) minus CFO ($+2519.0M) = $-1878.0M net accruals on $24.29B total assets.,,,,,,,,,,,
OMF,0001584207,2023,2023-12-31,adapted_altman_z_score,0.789457011586094,0.79,DISTRESS_ZONE,"Adapted Z-Score = 0.79 (DISTRESS (< 1.81)). Drivers: Cash/TA = 0.04 (Cash: $1014M), RE/TA = +0.09 (positive RE: +2285M), EBIT/TA = +0.08 (Synthetic EBIT), MVE/TL = 0.28x (MVE: $5.89B / Liabilities: $21.11B), Sales/TA = 0.19x. Cash/TA substituted for WC/TA per financial institution adaptation.",,,,,0.041738700913805875,0.09405614555034165,0.07652095167531078,0.2791589582799984,0.18786531653906313,,
OMF,0001584207,2023,2023-12-31,adapted_beneish_m_score,-2.8984282776198205,-2.90,LOW_MANIPULATION_RISK,"Adapted M-Score (ex-GMI, financial institution adjustment) = -2.90 (LOW RISK: <= -1.78). Drivers: SGI = 1.03 (+2.9% YoY revenue growth), TATA = -0.077 (net accruals of $-1878.0M vs assets), DSRI = 1.04, LVGI = 1.00. Gross Margin Index (GMI) dropped per financial institution adjustment.",1.039020785741263,1.029086809470124,1.0030437002269783,-0.07730303778710793,,,,,,,
OMF,0001584207,2023,2023-12-31,growth_divergence,0.04015577590149362,+4.0%,NORMAL_ALIGNED,Divergence = +4.0% (NORMAL: Revenue and receivables growth are reasonably aligned (within +/-20%)). Receivables grew +6.9% YoY ($16926M -> $18098M) while Revenue grew +2.9% YoY ($4435M -> $4564M).,,,,,,,,,,0.029086809470124014,0.06924258537161763
OMF,0001584207,2024,2024-12-31,accruals_ratio,-0.0845233500578927,-0.085,NORMAL_ACCRUALS,Accruals Ratio = -0.085 (NORMAL: Accruals align closely with cash flow (<= 5% of assets)). Net Income ($+509.0M) minus CFO ($+2699.0M) = $-2190.0M net accruals on $25.91B total assets.,,,,,,,,,,,
OMF,0001584207,2024,2024-12-31,adapted_altman_z_score,0.7383476052208308,0.74,DISTRESS_ZONE,"Adapted Z-Score = 0.74 (DISTRESS (< 1.81)). Drivers: Cash/TA = 0.02 (Cash: $458M), RE/TA = +0.09 (positive RE: +2296M), EBIT/TA = +0.07 (Synthetic EBIT), MVE/TL = 0.27x (MVE: $6.24B / Liabilities: $22.72B), Sales/TA = 0.19x. Cash/TA substituted for WC/TA per financial institution adaptation.",,,,,0.017676572751833267,0.08861443458124277,0.0714781937475878,0.27447442758727164,0.19270551910459283,,
OMF,0001584207,2024,2024-12-31,adapted_beneish_m_score,-2.8921856930680594,-2.89,LOW_MANIPULATION_RISK,"Adapted M-Score (ex-GMI, financial institution adjustment) = -2.89 (LOW RISK: <= -1.78). Drivers: SGI = 1.09 (+9.4% YoY revenue growth), TATA = -0.085 (net accruals of $-2190.0M vs assets), DSRI = 1.01, LVGI = 1.01. Gross Margin Index (GMI) dropped per financial institution adjustment.",1.0143365481261566,1.0939964943032428,1.0091918630304884,-0.0845233500578927,,,,,,,
OMF,0001584207,2024,2024-12-31,growth_divergence,0.015684133390425042,+1.6%,NORMAL_ALIGNED,Divergence = +1.6% (NORMAL: Revenue and receivables growth are reasonably aligned (within +/-20%)). Receivables grew +11.0% YoY ($18098M -> $20083M) while Revenue grew +9.4% YoY ($4564M -> $4993M).,,,,,,,,,,0.09399649430324276,0.1096806276936678
OMF,0001584207,2025,2025-12-31,accruals_ratio,-0.08576748941142107,-0.086,NORMAL_ACCRUALS,Accruals Ratio = -0.086 (NORMAL: Accruals align closely with cash flow (<= 5% of assets)). Net Income ($+783.0M) minus CFO ($+3132.0M) = $-2349.0M net accruals on $27.39B total assets.,,,,,,,,,,,
OMF,0001584207,2025,2025-12-31,adapted_altman_z_score,0.844864181499821,0.84,DISTRESS_ZONE,"Adapted Z-Score = 0.84 (DISTRESS (< 1.81)). Drivers: Cash/TA = 0.03 (Cash: $914M), RE/TA = +0.09 (positive RE: +2579M), EBIT/TA = +0.08 (Synthetic EBIT), MVE/TL = 0.33x (MVE: $8.00B / Liabilities: $23.99B), Sales/TA = 0.20x. Cash/TA substituted for WC/TA per financial institution adaptation.",,,,,0.03337227983058274,0.09416532788082371,0.08299255148240105,0.33355820084934407,0.19917482108952825,,
OMF,0001584207,2025,2025-12-31,adapted_beneish_m_score,-2.9440910558584723,-2.94,LOW_MANIPULATION_RISK,"Adapted M-Score (ex-GMI, financial institution adjustment) = -2.94 (LOW RISK: <= -1.78). Drivers: SGI = 1.09 (+9.3% YoY revenue growth), TATA = -0.086 (net accruals of $-2349.0M vs assets), DSRI = 0.97, LVGI = 1.00. Gross Margin Index (GMI) dropped per financial institution adjustment.",0.9651674332455233,1.092529541357901,0.9988351504068994,-0.08576748941142107,,,,,,,
OMF,0001584207,2025,2025-12-31,growth_divergence,-0.03805560818058692,-3.8%,NORMAL_ALIGNED,Divergence = -3.8% (NORMAL: Revenue and receivables growth are reasonably aligned (within +/-20%)). Receivables grew +5.4% YoY ($20083M -> $21177M) while Revenue grew +9.3% YoY ($4993M -> $5455M).,,,,,,,,,,0.09252954135790106,0.054473933177314145
OMF,0001584207,2026,,accruals_ratio,,"N/A — missing NI, CFO, or Assets",MISSING_DATA,"Cannot compute Accruals Ratio due to missing Net Income, Operating Cash Flow, or Assets.",,,,,,,,,,,
OMF,0001584207,2026,,adapted_altman_z_score,,N/A — missing fundamental components,MISSING_DATA,Cannot compute Altman Z-Score due to missing fundamental line items (e.g. pending 10-K filing or unpopulated balance sheet tags).,,,,,,,,,,,
OMF,0001584207,2026,,adapted_beneish_m_score,,"N/A — missing revenue, total_assets, total_liabilities, net_income, operating_cash_flow",MISSING_DATA,"Cannot compute Beneish M-Score due to missing historical inputs: revenue, total_assets, total_liabilities, net_income, operating_cash_flow.",,,,,,,,,,,
OMF,0001584207,2026,,growth_divergence,,N/A — missing revenue or receivables,MISSING_DATA,Cannot compute divergence due to missing or non-positive revenue or receivables figures.,,,,,,,,,,,
OPRT,0001538716,2021,2021-12-31,accruals_ratio,-0.0393782717515802,-0.039,NORMAL_ACCRUALS,Accruals Ratio = -0.039 (NORMAL: Accruals align closely with cash flow (<= 5% of assets)). Net Income ($+47.4M) minus CFO ($+163.4M) = $-116.0M net accruals on $2.95B total assets.,,,,,,,,,,,
OPRT,0001538716,2021,2021-12-31,adapted_altman_z_score,0.5784277501660124,0.58,DISTRESS_ZONE,"Adapted Z-Score = 0.58 (DISTRESS (< 1.81)). Drivers: Cash/TA = 0.04 (Cash: $131M), RE/TA = +0.03 (positive RE: +84M), EBIT/TA = +0.04 (Synthetic EBIT), MVE/TL = 0.25x (MVE: $582M / Liabilities: $2.34B), Sales/TA = 0.21x. Cash/TA substituted for WC/TA per financial institution adaptation.",,,,,0.04444372799389132,0.028454927247274425,0.03748695541509354,0.24842051009370963,0.21271183133245664,,
OPRT,0001538716,2021,2021-12-31,adapted_beneish_m_score,,N/A — initial history period,INSUFFICIENT_HISTORY,Beneish M-Score requires a prior-year baseline (t-1) to compute growth indexes.,,,,,,,,,,,
OPRT,0001538716,2021,2021-12-31,growth_divergence,,N/A — initial history period,INSUFFICIENT_HISTORY,Requires prior-year baseline (t-1) to compute growth rates.,,,,,,,,,,,
OPRT,0001538716,2022,2022-12-31,accruals_ratio,-0.0901069404031054,-0.090,NORMAL_ACCRUALS,Accruals Ratio = -0.090 (NORMAL: Accruals align closely with cash flow (<= 5% of assets)). Net Income ($-77.7M) minus CFO ($+247.9M) = $-325.6M net accruals on $3.61B total assets.,,,,,,,,,,,
OPRT,0001538716,2022,2022-12-31,adapted_altman_z_score,0.35051580273423266,0.35,DISTRESS_ZONE,"Adapted Z-Score = 0.35 (DISTRESS (< 1.81)). Drivers: Cash/TA = 0.03 (Cash: $99M), RE/TA = +0.00 (positive RE: +6M), EBIT/TA = +0.00 (Synthetic EBIT), MVE/TL = 0.06x (MVE: $183M / Liabilities: $3.07B), Sales/TA = 0.26x. Cash/TA substituted for WC/TA per financial institution adaptation.",,,,,0.027345141192048582,0.001688576374043742,0.004914637234188275,0.0596497254479984,0.26359308131981257,,
OPRT,0001538716,2022,2022-12-31,adapted_beneish_m_score,-2.5462580877234746,-2.55,LOW_MANIPULATION_RISK,"Adapted M-Score (ex-GMI, financial institution adjustment) = -2.55 (LOW RISK: <= -1.78). Drivers: SGI = 1.52 (+52.0% YoY revenue growth), TATA = -0.090 (net accruals of $-325.6M vs assets), DSRI = 1.00 (DSRI neutralized to 1.0 due to missing receivables baseline), LVGI = 1.07. Gross Margin Index (GMI) dropped per financial institution adjustment.",1.0,1.5197389203901834,1.0671716726550071,-0.0901069404031054,,,,,,,
OPRT,0001538716,2022,2022-12-31,growth_divergence,,N/A — missing revenue or receivables,MISSING_DATA,Cannot compute divergence due to missing or non-positive revenue or receivables figures.,,,,,,,,,,,
OPRT,0001538716,2023,2023-12-31,accruals_ratio,-0.16785896840693482,-0.168,STRONG_CASH_CONVERSION,Accruals Ratio = -0.168 (HIGH QUALITY: Cash flow significantly exceeds net income). Net Income ($-180.0M) minus CFO ($+392.8M) = $-572.7M net accruals on $3.41B total assets.,,,,,,,,,,,
OPRT,0001538716,2023,2023-12-31,adapted_altman_z_score,0.22509865133511336,0.23,DISTRESS_ZONE,"Adapted Z-Score = 0.23 (DISTRESS (< 1.81)). Drivers: Cash/TA = 0.03 (Cash: $91M), RE/TA = -0.05 (negative (accumulated deficit) RE: -174M), EBIT/TA = -0.02 (Synthetic EBIT), MVE/TL = 0.04x (MVE: $134M / Liabilities: $3.01B), Sales/TA = 0.31x. Cash/TA substituted for WC/TA per financial institution adaptation.",,,,,0.026726258306251555,-0.05095390001078582,-0.02175892057418063,0.044502343133995606,0.30977540880591625,,
OPRT,0001538716,2023,2023-12-31,adapted_beneish_m_score,-3.226934729011853,-3.23,LOW_MANIPULATION_RISK,"Adapted M-Score (ex-GMI, financial institution adjustment) = -3.23 (LOW RISK: <= -1.78). Drivers: SGI = 1.11 (+11.0% YoY revenue growth), TATA = -0.168 (net accruals of $-572.7M vs assets), DSRI = 1.00 (DSRI neutralized to 1.0 due to missing receivables baseline), LVGI = 1.04. Gross Margin Index (GMI) dropped per financial institution adjustment.",1.0,1.1095738259084873,1.0389013375098606,-0.16785896840693482,,,,,,,
OPRT,0001538716,2023,2023-12-31,growth_divergence,,N/A — missing revenue or receivables,MISSING_DATA,Cannot compute divergence due to missing or non-positive revenue or receivables figures.,,,,,,,,,,,
OPRT,0001538716,2024,2024-12-31,accruals_ratio,-0.1463244278227252,-0.146,STRONG_CASH_CONVERSION,Accruals Ratio = -0.146 (HIGH QUALITY: Cash flow significantly exceeds net income). Net Income ($-78.7M) minus CFO ($+393.5M) = $-472.2M net accruals on $3.23B total assets.,,,,,,,,,,,
OPRT,0001538716,2024,2024-12-31,adapted_altman_z_score,0.37865006864004946,0.38,DISTRESS_ZONE,"Adapted Z-Score = 0.38 (DISTRESS (< 1.81)). Drivers: Cash/TA = 0.02 (Cash: $60M), RE/TA = -0.08 (negative (accumulated deficit) RE: -253M), EBIT/TA = +0.04 (Synthetic EBIT), MVE/TL = 0.05x (MVE: $144M / Liabilities: $2.87B), Sales/TA = 0.31x. Cash/TA substituted for WC/TA per financial institution adaptation.",,,,,0.018582611091124145,-0.0782531577083223,0.038108792932856496,0.05005214039677355,0.3104254806865477,,
OPRT,0001538716,2024,2024-12-31,adapted_beneish_m_score,-3.285221345993561,-3.29,LOW_MANIPULATION_RISK,"Adapted M-Score (ex-GMI, financial institution adjustment) = -3.29 (LOW RISK: <= -1.78). Drivers: SGI = 0.95 (-5.2% YoY revenue growth), TATA = -0.146 (net accruals of $-472.2M vs assets), DSRI = 1.00 (DSRI neutralized to 1.0 due to missing receivables baseline), LVGI = 1.01. Gross Margin Index (GMI) dropped per financial institution adjustment.",1.0,0.9478257084980022,1.0100867628918209,-0.1463244278227252,,,,,,,
OPRT,0001538716,2024,2024-12-31,growth_divergence,,N/A — missing revenue or receivables,MISSING_DATA,Cannot compute divergence due to missing or non-positive revenue or receivables figures.,,,,,,,,,,,
OPRT,0001538716,2025,2025-12-31,accruals_ratio,-0.11914676400675782,-0.119,STRONG_CASH_CONVERSION,Accruals Ratio = -0.119 (HIGH QUALITY: Cash flow significantly exceeds net income). Net Income ($+25.2M) minus CFO ($+413.4M) = $-388.2M net accruals on $3.26B total assets.,,,,,,,,,,,
OPRT,0001538716,2025,2025-12-31,adapted_altman_z_score,0.5630980402288179,0.56,DISTRESS_ZONE,"Adapted Z-Score = 0.56 (DISTRESS (< 1.81)). Drivers: Cash/TA = 0.03 (Cash: $106M), RE/TA = -0.07 (negative (accumulated deficit) RE: -227M), EBIT/TA = +0.08 (Synthetic EBIT), MVE/TL = 0.08x (MVE: $236M / Liabilities: $2.87B), Sales/TA = 0.29x. Cash/TA substituted for WC/TA per financial institution adaptation.",,,,,0.0323909344059406,-0.06976520754754047,0.08458906716564514,0.08232526440072638,0.29365478400518624,,
OPRT,0001538716,2025,2025-12-31,adapted_beneish_m_score,-3.1698154064102297,-3.17,LOW_MANIPULATION_RISK,"Adapted M-Score (ex-GMI, financial institution adjustment) = -3.17 (LOW RISK: <= -1.78). Drivers: SGI = 0.95 (-4.5% YoY revenue growth), TATA = -0.119 (net accruals of $-388.2M vs assets), DSRI = 1.00 (DSRI neutralized to 1.0 due to missing receivables baseline), LVGI = 0.99. Gross Margin Index (GMI) dropped per financial institution adjustment.",1.0,0.9549898929400314,0.9886573511481384,-0.11914676400675782,,,,,,,
OPRT,0001538716,2025,2025-12-31,growth_divergence,,N/A — missing revenue or receivables,MISSING_DATA,Cannot compute divergence due to missing or non-positive revenue or receivables figures.,,,,,,,,,,,
OPRT,0001538716,2026,,accruals_ratio,,"N/A — missing NI, CFO, or Assets",MISSING_DATA,"Cannot compute Accruals Ratio due to missing Net Income, Operating Cash Flow, or Assets.",,,,,,,,,,,
OPRT,0001538716,2026,,adapted_altman_z_score,,N/A — missing fundamental components,MISSING_DATA,Cannot compute Altman Z-Score due to missing fundamental line items (e.g. pending 10-K filing or unpopulated balance sheet tags).,,,,,,,,,,,
OPRT,0001538716,2026,,adapted_beneish_m_score,,"N/A — missing revenue, total_assets, total_liabilities, net_income, operating_cash_flow",MISSING_DATA,"Cannot compute Beneish M-Score due to missing historical inputs: revenue, total_assets, total_liabilities, net_income, operating_cash_flow.",,,,,,,,,,,
OPRT,0001538716,2026,,growth_divergence,,N/A — missing revenue or receivables,MISSING_DATA,Cannot compute divergence due to missing or non-positive revenue or receivables figures.,,,,,,,,,,,
PGY,0001883085,2021,2021-12-31,accruals_ratio,,"N/A — missing NI, CFO, or Assets",MISSING_DATA,"Cannot compute Accruals Ratio due to missing Net Income, Operating Cash Flow, or Assets.",,,,,,,,,,,
PGY,0001883085,2021,2021-12-31,adapted_altman_z_score,,N/A — missing fundamental components,MISSING_DATA,Cannot compute Altman Z-Score due to missing fundamental line items (e.g. pending 10-K filing or unpopulated balance sheet tags).,,,,,,,,,,,
PGY,0001883085,2021,2021-12-31,adapted_beneish_m_score,,N/A — initial history period,INSUFFICIENT_HISTORY,Beneish M-Score requires a prior-year baseline (t-1) to compute growth indexes.,,,,,,,,,,,
PGY,0001883085,2021,2021-12-31,growth_divergence,,N/A — securitized/fair-value receivables structure,NOT_APPLICABLE,Receivables are off-balance-sheet or carried under ASC 825 Fair Value Option; revenue-receivables divergence is structurally inapplicable.,,,,,,,,,,,
PGY,0001883085,2022,2022-12-31,accruals_ratio,-0.25100590481676505,-0.251,STRONG_CASH_CONVERSION,Accruals Ratio = -0.251 (HIGH QUALITY: Cash flow significantly exceeds net income). Net Income ($-302.3M) minus CFO ($-40.0M) = $-262.3M net accruals on $1.05B total assets.,,,,,,,,,,,
PGY,0001883085,2022,2022-12-31,adapted_altman_z_score,21.465738623067594,21.47,SAFE_ZONE,"Adapted Z-Score = 21.47 (SAFE ZONE (> 2.99)). Drivers: Cash/TA = 0.30 (Cash: $310M), RE/TA = -0.40 (negative (accumulated deficit) RE: -414M), EBIT/TA = -0.24, MVE/TL = 36.24x (MVE: $10.13B / Liabilities: $280M), Sales/TA = 0.72x. Cash/TA substituted for WC/TA per financial institution adaptation.",,,,,0.2964302220214931,-0.39633271743093107,-0.24065644798144448,36.23857954351914,0.7166233366090028,,
PGY,0001883085,2022,2022-12-31,adapted_beneish_m_score,,"N/A — missing total_assets, total_liabilities",MISSING_DATA,"Cannot compute Beneish M-Score due to missing historical inputs: total_assets, total_liabilities.",,,,,,,,,,,
PGY,0001883085,2022,2022-12-31,growth_divergence,,N/A — securitized/fair-value receivables structure,NOT_APPLICABLE,Receivables are off-balance-sheet or carried under ASC 825 Fair Value Option; revenue-receivables divergence is structurally inapplicable.,,,,,,,,,,,
PGY,0001883085,2023,2023-12-31,accruals_ratio,-0.08836570736260899,-0.088,NORMAL_ACCRUALS,Accruals Ratio = -0.088 (NORMAL: Accruals align closely with cash flow (<= 5% of assets)). Net Income ($-128.4M) minus CFO ($-21.7M) = $-106.8M net accruals on $1.21B total assets.,,,,,,,,,,,
PGY,0001883085,2023,2023-12-31,adapted_altman_z_score,16.074141795075786,16.07,SAFE_ZONE,"Adapted Z-Score = 16.07 (SAFE ZONE (> 2.99)). Drivers: Cash/TA = 0.15 (Cash: $186M), RE/TA = -0.45 (negative (accumulated deficit) RE: -543M), EBIT/TA = -0.02, MVE/TL = 26.52x (MVE: $12.42B / Liabilities: $468M), Sales/TA = 0.67x. Cash/TA substituted for WC/TA per financial institution adaptation.",,,,,0.15432117155587333,-0.4490630399809331,-0.02019239044800625,26.521555124076304,0.6720184776923739,,
PGY,0001883085,2023,2023-12-31,adapted_beneish_m_score,-2.9151846683477824,-2.92,LOW_MANIPULATION_RISK,"Adapted M-Score (ex-GMI, financial institution adjustment) = -2.92 (LOW RISK: <= -1.78). Drivers: SGI = 1.08 (+8.4% YoY revenue growth), TATA = -0.088 (net accruals of $-106.8M vs assets), DSRI = 1.00 (DSRI neutralized to 1.0 due to off-balance-sheet/FVO receivables), LVGI = 1.45. Gross Margin Index (GMI) dropped per financial institution adjustment.",1.0,1.0842844706033157,1.4484998317098703,-0.08836570736260899,,,,,,,
PGY,0001883085,2023,2023-12-31,growth_divergence,,N/A — securitized/fair-value receivables structure,NOT_APPLICABLE,Receivables are off-balance-sheet or carried under ASC 825 Fair Value Option; revenue-receivables divergence is structurally inapplicable.,,,,,,,,,,,
PGY,0001883085,2024,2024-12-31,accruals_ratio,-0.3478946178059783,-0.348,STRONG_CASH_CONVERSION,Accruals Ratio = -0.348 (HIGH QUALITY: Cash flow significantly exceeds net income). Net Income ($-401.4M) minus CFO ($+47.8M) = $-449.2M net accruals on $1.29B total assets.,,,,,,,,,,,
PGY,0001883085,2024,2024-12-31,adapted_altman_z_score,0.6626476197189445,0.66,DISTRESS_ZONE,"Adapted Z-Score = 0.66 (DISTRESS (< 1.81)). Drivers: Cash/TA = 0.15 (Cash: $188M), RE/TA = -0.73 (negative (accumulated deficit) RE: -944M), EBIT/TA = +0.05, MVE/TL = 0.90x (MVE: $700M / Liabilities: $775M), Sales/TA = 0.80x. Cash/TA substituted for WC/TA per financial institution adaptation.",,,,,0.14555423709909285,-0.7312086390224558,0.05177093144301789,0.9035037494497817,0.799527834233877,,
PGY,0001883085,2024,2024-12-31,adapted_beneish_m_score,-3.792915064253773,-3.79,LOW_MANIPULATION_RISK,"Adapted M-Score (ex-GMI, financial institution adjustment) = -3.79 (LOW RISK: <= -1.78). Drivers: SGI = 1.27 (+27.1% YoY revenue growth), TATA = -0.348 (net accruals of $-449.2M vs assets), DSRI = 1.00 (DSRI neutralized to 1.0 due to off-balance-sheet/FVO receivables), LVGI = 1.55. Gross Margin Index (GMI) dropped per financial institution adjustment.",1.0,1.271161540346604,1.5492175486174595,-0.3478946178059783,,,,,,,
PGY,0001883085,2024,2024-12-31,growth_divergence,,N/A — securitized/fair-value receivables structure,NOT_APPLICABLE,Receivables are off-balance-sheet or carried under ASC 825 Fair Value Option; revenue-receivables divergence is structurally inapplicable.,,,,,,,,,,,
PGY,0001883085,2025,2025-12-31,accruals_ratio,-0.10170746885014302,-0.102,STRONG_CASH_CONVERSION,Accruals Ratio = -0.102 (HIGH QUALITY: Cash flow significantly exceeds net income). Net Income ($+81.4M) minus CFO ($+238.6M) = $-157.2M net accruals on $1.55B total assets.,,,,,,,,,,,
PGY,0001883085,2025,2025-12-31,adapted_altman_z_score,1.8698199828707844,1.87,GREY_ZONE,"Adapted Z-Score = 1.87 (GREY ZONE (1.81–2.99)). Drivers: Cash/TA = 0.15 (Cash: $235M), RE/TA = -0.56 (negative (accumulated deficit) RE: -863M), EBIT/TA = +0.17, MVE/TL = 1.77x (MVE: $1.70B / Liabilities: $960M), Sales/TA = 0.84x. Cash/TA substituted for WC/TA per financial institution adaptation.",,,,,0.15222644985426098,-0.5580219856990751,0.17066085176795087,1.773723019736443,0.8418062065548277,,
PGY,0001883085,2025,2025-12-31,adapted_beneish_m_score,-2.8252117420630993,-2.83,LOW_MANIPULATION_RISK,"Adapted M-Score (ex-GMI, financial institution adjustment) = -2.83 (LOW RISK: <= -1.78). Drivers: SGI = 1.26 (+26.1% YoY revenue growth), TATA = -0.102 (net accruals of $-157.2M vs assets), DSRI = 1.00 (DSRI neutralized to 1.0 due to off-balance-sheet/FVO receivables), LVGI = 1.03. Gross Margin Index (GMI) dropped per financial institution adjustment.",1.0,1.2607047918717207,1.0346371662187535,-0.10170746885014302,,,,,,,
PGY,0001883085,2025,2025-12-31,growth_divergence,,N/A — securitized/fair-value receivables structure,NOT_APPLICABLE,Receivables are off-balance-sheet or carried under ASC 825 Fair Value Option; revenue-receivables divergence is structurally inapplicable.,,,,,,,,,,,
PGY,0001883085,2026,,accruals_ratio,,"N/A — missing NI, CFO, or Assets",MISSING_DATA,"Cannot compute Accruals Ratio due to missing Net Income, Operating Cash Flow, or Assets.",,,,,,,,,,,
PGY,0001883085,2026,,adapted_altman_z_score,,N/A — missing fundamental components,MISSING_DATA,Cannot compute Altman Z-Score due to missing fundamental line items (e.g. pending 10-K filing or unpopulated balance sheet tags).,,,,,,,,,,,
PGY,0001883085,2026,,adapted_beneish_m_score,,"N/A — missing revenue, total_assets, total_liabilities, net_income, operating_cash_flow",MISSING_DATA,"Cannot compute Beneish M-Score due to missing historical inputs: revenue, total_assets, total_liabilities, net_income, operating_cash_flow.",,,,,,,,,,,
PGY,0001883085,2026,,growth_divergence,,N/A — securitized/fair-value receivables structure,NOT_APPLICABLE,Receivables are off-balance-sheet or carried under ASC 825 Fair Value Option; revenue-receivables divergence is structurally inapplicable.,,,,,,,,,,,
SEZL,0001662991,2021,2021-12-31,accruals_ratio,-0.01359115666080475,-0.014,NORMAL_ACCRUALS,Accruals Ratio = -0.014 (NORMAL: Accruals align closely with cash flow (<= 5% of assets)). Net Income ($-75.2M) minus CFO ($-72.1M) = $-3.0M net accruals on $223M total assets.,,,,,,,,,,,
SEZL,0001662991,2021,2021-12-31,adapted_altman_z_score,,N/A — Pre-IPO (MVE unavailable),PRE_IPO_UNAVAILABLE,Company was not publicly traded as of this period-end; market capitalization is unavailable.,,,,,,,,,,,
SEZL,0001662991,2021,2021-12-31,adapted_beneish_m_score,,N/A — initial history period,INSUFFICIENT_HISTORY,Beneish M-Score requires a prior-year baseline (t-1) to compute growth indexes.,,,,,,,,,,,
SEZL,0001662991,2021,2021-12-31,growth_divergence,,N/A — initial history period,INSUFFICIENT_HISTORY,Requires prior-year baseline (t-1) to compute growth rates.,,,,,,,,,,,
SEZL,0001662991,2022,2022-12-31,accruals_ratio,-0.27005759033131144,-0.270,STRONG_CASH_CONVERSION,Accruals Ratio = -0.270 (HIGH QUALITY: Cash flow significantly exceeds net income). Net Income ($-38.1M) minus CFO ($+8.5M) = $-46.6M net accruals on $173M total assets.,,,,,,,,,,,
SEZL,0001662991,2022,2022-12-31,adapted_altman_z_score,,N/A — Pre-IPO (MVE unavailable),PRE_IPO_UNAVAILABLE,Company was not publicly traded as of this period-end; market capitalization is unavailable.,,,,,,,,,,,
SEZL,0001662991,2022,2022-12-31,adapted_beneish_m_score,-3.984201401404481,-3.98,LOW_MANIPULATION_RISK,"Adapted M-Score (ex-GMI, financial institution adjustment) = -3.98 (LOW RISK: <= -1.78). Drivers: SGI = 1.09 (+9.4% YoY revenue growth), TATA = -0.270 (net accruals of $-46.6M vs assets), DSRI = 0.64, LVGI = 1.14. Gross Margin Index (GMI) dropped per financial institution adjustment.",0.6371027829181168,1.0936606964661524,1.1419323923715041,-0.27005759033131144,,,,,,,
SEZL,0001662991,2022,2022-12-31,growth_divergence,-0.3968864231794009,-39.7%,RAPID_TURNOVER_EXPANSION,Divergence = -39.7% (TURNOVER EXPANSION: Revenue growth significantly outpaces receivables (> +20%)). Receivables grew -30.3% YoY ($134M -> $93M) while Revenue grew +9.4% YoY ($115M -> $126M).,,,,,,,,,,0.09366069646615231,-0.3032257267132486
SEZL,0001662991,2023,2023-12-31,accruals_ratio,0.15419319223742198,+0.154,HIGH_ACCRUALS_RISK,Accruals Ratio = +0.154 (HIGH RISK: Earnings heavily exceed cash flow (> 10% of assets)). Net Income ($+7.1M) minus CFO ($-25.7M) = $+32.8M net accruals on $213M total assets.,,,,,,,,,,,
SEZL,0001662991,2023,2023-12-31,adapted_altman_z_score,0.4990547200358121,0.50,DISTRESS_ZONE,"Adapted Z-Score = 0.50 (DISTRESS (< 1.81)). Drivers: Cash/TA = 0.32 (Cash: $68M), RE/TA = -0.74 (negative (accumulated deficit) RE: -158M), EBIT/TA = +0.10, MVE/TL = 0.10x (MVE: $19M / Liabilities: $191M), Sales/TA = 0.75x. Cash/TA substituted for WC/TA per financial institution adaptation.",,,,,0.31801416446185643,-0.7407635748026444,0.10440109786023329,0.10221773291894881,0.749401866581729,,
SEZL,0001662991,2023,2023-12-31,adapted_beneish_m_score,-1.7876330691620195,-1.79,LOW_MANIPULATION_RISK,"Adapted M-Score (ex-GMI, financial institution adjustment) = -1.79 (LOW RISK: <= -1.78). Drivers: SGI = 1.27 (+26.9% YoY revenue growth), TATA = +0.154 (net accruals of $+32.8M vs assets), DSRI = 1.00 (DSRI neutralized to 1.0 due to missing receivables baseline), LVGI = 0.94. Gross Margin Index (GMI) dropped per financial institution adjustment.",1.0,1.2690627725039207,0.9444960459330594,0.15419319223742198,,,,,,,
SEZL,0001662991,2023,2023-12-31,growth_divergence,,N/A — missing revenue or receivables,MISSING_DATA,Cannot compute divergence due to missing or non-positive revenue or receivables figures.,,,,,,,,,,,
SEZL,0001662991,2024,2024-12-31,accruals_ratio,-0.17470137948601075,-0.175,STRONG_CASH_CONVERSION,Accruals Ratio = -0.175 (HIGH QUALITY: Cash flow significantly exceeds net income). Net Income ($+78.5M) minus CFO ($+130.6M) = $-52.1M net accruals on $298M total assets.,,,,,,,,,,,
SEZL,0001662991,2024,2024-12-31,adapted_altman_z_score,2.3715266036998854,2.37,GREY_ZONE,"Adapted Z-Score = 2.37 (GREY ZONE (1.81–2.99)). Drivers: Cash/TA = 0.25 (Cash: $73M), RE/TA = -0.30 (negative (accumulated deficit) RE: -90M), EBIT/TA = +0.28, MVE/TL = 1.14x (MVE: $239M / Liabilities: $211M), Sales/TA = 0.91x. Cash/TA substituted for WC/TA per financial institution adaptation.",,,,,0.24528105854436744,-0.300882790610379,0.2756491896022415,1.1350007362126373,0.908691164050246,,
SEZL,0001662991,2024,2024-12-31,adapted_beneish_m_score,-2.734880551279652,-2.73,LOW_MANIPULATION_RISK,"Adapted M-Score (ex-GMI, financial institution adjustment) = -2.73 (LOW RISK: <= -1.78). Drivers: SGI = 1.70 (+70.1% YoY revenue growth), TATA = -0.175 (net accruals of $-52.1M vs assets), DSRI = 1.00 (DSRI neutralized to 1.0 due to missing receivables baseline), LVGI = 0.79. Gross Margin Index (GMI) dropped per financial institution adjustment.",1.0,1.7013898850812565,0.7874354805165944,-0.17470137948601075,,,,,,,
SEZL,0001662991,2024,2024-12-31,growth_divergence,,N/A — missing revenue or receivables,MISSING_DATA,Cannot compute divergence due to missing or non-positive revenue or receivables figures.,,,,,,,,,,,
SEZL,0001662991,2025,2025-12-31,accruals_ratio,-0.19183267579310845,-0.192,STRONG_CASH_CONVERSION,Accruals Ratio = -0.192 (HIGH QUALITY: Cash flow significantly exceeds net income). Net Income ($+133.1M) minus CFO ($+209.9M) = $-76.8M net accruals on $400M total assets.,,,,,,,,,,,
SEZL,0001662991,2025,2025-12-31,adapted_altman_z_score,8.554083729405162,8.55,SAFE_ZONE,"Adapted Z-Score = 8.55 (SAFE ZONE (> 2.99)). Drivers: Cash/TA = 0.16 (Cash: $64M), RE/TA = -0.00 (negative (accumulated deficit) RE: -0M), EBIT/TA = +0.44, MVE/TL = 9.64x (MVE: $2.22B / Liabilities: $230M), Sales/TA = 1.13x. Cash/TA substituted for WC/TA per financial institution adaptation.",,,,,0.1600433751677165,-0.0008095365403306607,0.44171961552011474,9.63593657604396,1.1250534069245357,,
SEZL,0001662991,2025,2025-12-31,adapted_beneish_m_score,-2.839349106002802,-2.84,LOW_MANIPULATION_RISK,"Adapted M-Score (ex-GMI, financial institution adjustment) = -2.84 (LOW RISK: <= -1.78). Drivers: SGI = 1.66 (+66.1% YoY revenue growth), TATA = -0.192 (net accruals of $-76.8M vs assets), DSRI = 1.00 (DSRI neutralized to 1.0 due to missing receivables baseline), LVGI = 0.82. Gross Margin Index (GMI) dropped per financial institution adjustment.",1.0,1.6607617066477827,0.8159010349894483,-0.19183267579310845,,,,,,,
SEZL,0001662991,2025,2025-12-31,growth_divergence,,N/A — missing revenue or receivables,MISSING_DATA,Cannot compute divergence due to missing or non-positive revenue or receivables figures.,,,,,,,,,,,
SEZL,0001662991,2026,,accruals_ratio,,"N/A — missing NI, CFO, or Assets",MISSING_DATA,"Cannot compute Accruals Ratio due to missing Net Income, Operating Cash Flow, or Assets.",,,,,,,,,,,
SEZL,0001662991,2026,,adapted_altman_z_score,,N/A — missing fundamental components,MISSING_DATA,Cannot compute Altman Z-Score due to missing fundamental line items (e.g. pending 10-K filing or unpopulated balance sheet tags).,,,,,,,,,,,
SEZL,0001662991,2026,,adapted_beneish_m_score,,"N/A — missing revenue, total_assets, total_liabilities, net_income, operating_cash_flow",MISSING_DATA,"Cannot compute Beneish M-Score due to missing historical inputs: revenue, total_assets, total_liabilities, net_income, operating_cash_flow.",,,,,,,,,,,
SEZL,0001662991,2026,,growth_divergence,,N/A — missing revenue or receivables,MISSING_DATA,Cannot compute divergence due to missing or non-positive revenue or receivables figures.,,,,,,,,,,,
SOFI,0001818874,2021,2021-12-31,accruals_ratio,0.09440379515723395,+0.094,ELEVATED_ACCRUALS,Accruals Ratio = +0.094 (ELEVATED: Modest cash lag (5%–10% of assets)). Net Income ($-483.9M) minus CFO ($-1350.2M) = $+866.3M net accruals on $9.18B total assets.,,,,,,,,,,,
SOFI,0001818874,2021,2021-12-31,adapted_altman_z_score,1.4837411923781996,1.48,DISTRESS_ZONE,"Adapted Z-Score = 1.48 (DISTRESS (< 1.81)). Drivers: Cash/TA = 0.05 (Cash: $495M), RE/TA = -0.13 (negative (accumulated deficit) RE: -1183M), EBIT/TA = -0.04 (Synthetic EBIT), MVE/TL = 2.85x (MVE: $12.75B / Liabilities: $4.48B), Sales/TA = 0.03x. Cash/TA substituted for WC/TA per financial institution adaptation.",,,,,0.05391166355685271,-0.12893112123523073,-0.04123665615192834,2.8477723181171264,0.026995335605993074,,
SOFI,0001818874,2021,2021-12-31,adapted_beneish_m_score,,N/A — initial history period,INSUFFICIENT_HISTORY,Beneish M-Score requires a prior-year baseline (t-1) to compute growth indexes.,,,,,,,,,,,
SOFI,0001818874,2021,2021-12-31,growth_divergence,,N/A — initial history period,INSUFFICIENT_HISTORY,Requires prior-year baseline (t-1) to compute growth rates.,,,,,,,,,,,
SOFI,0001818874,2022,2022-12-31,accruals_ratio,0.36487634600233854,+0.365,HIGH_ACCRUALS_RISK,Accruals Ratio = +0.365 (HIGH RISK: Earnings heavily exceed cash flow (> 10% of assets)). Net Income ($-320.4M) minus CFO ($-7255.9M) = $+6935.5M net accruals on $19.01B total assets.,,,,,,,,,,,
SOFI,0001818874,2022,2022-12-31,adapted_altman_z_score,0.1404611628949768,0.14,DISTRESS_ZONE,"Adapted Z-Score = 0.14 (DISTRESS (< 1.81)). Drivers: Cash/TA = 0.07 (Cash: $1422M), RE/TA = -0.08 (negative (accumulated deficit) RE: -1504M), EBIT/TA = -0.01 (Synthetic EBIT), MVE/TL = 0.27x (MVE: $3.69B / Liabilities: $13.48B), Sales/TA = 0.02x. Cash/TA substituted for WC/TA per financial institution adaptation.",,,,,0.07480699243858073,-0.07910073167812476,-0.006810196407503811,0.27348023280330863,0.01983914392475671,,
SOFI,0001818874,2022,2022-12-31,adapted_beneish_m_score,-0.008942810786231999,-0.01,ELEVATED_MANIPULATION_RISK,"Adapted M-Score (ex-GMI, financial institution adjustment) = -0.01 (ELEVATED RISK: > -1.78). Drivers: SGI = 1.52 (+52.2% YoY revenue growth), TATA = +0.365 (net accruals of $+6935.5M vs assets), DSRI = 1.75, LVGI = 1.45. Gross Margin Index (GMI) dropped per financial institution adjustment.",1.7452888739820491,1.522279366053335,1.4529792605280567,0.36487634600233854,,,,,,,
SOFI,0001818874,2022,2022-12-31,growth_divergence,1.1345378746119974,+113.5%,WARNING_RECEIVABLES_SURGE,Divergence = +113.5% (WARNING: Receivables growth significantly outpaces revenue (> +20%)). Receivables grew +165.7% YoY ($116M -> $308M) while Revenue grew +52.2% YoY ($248M -> $377M).,,,,,,,,,,0.5222793660533348,1.6568172406653323
SOFI,0001818874,2023,2023-12-31,accruals_ratio,0.23030522704379852,+0.230,HIGH_ACCRUALS_RISK,Accruals Ratio = +0.230 (HIGH RISK: Earnings heavily exceed cash flow (> 10% of assets)). Net Income ($-300.7M) minus CFO ($-7227.1M) = $+6926.4M net accruals on $30.07B total assets.,,,,,,,,,,,
SOFI,0001818874,2023,2023-12-31,adapted_altman_z_score,0.34426766286671184,0.34,DISTRESS_ZONE,"Adapted Z-Score = 0.34 (DISTRESS (< 1.81)). Drivers: Cash/TA = 0.10 (Cash: $3085M), RE/TA = -0.06 (negative (accumulated deficit) RE: -1804M), EBIT/TA = +0.02 (Synthetic EBIT), MVE/TL = 0.40x (MVE: $9.71B / Liabilities: $24.52B), Sales/TA = 0.01x. Cash/TA substituted for WC/TA per financial institution adaptation.",,,,,0.10257804043497064,-0.05999240295664904,0.016231797337164483,0.39599826920259174,0.014013499249107012,,
SOFI,0001818874,2023,2023-12-31,adapted_beneish_m_score,-0.29368085939794664,-0.29,ELEVATED_MANIPULATION_RISK,"Adapted M-Score (ex-GMI, financial institution adjustment) = -0.29 (ELEVATED RISK: > -1.78). Drivers: SGI = 1.12 (+11.8% YoY revenue growth), TATA = +0.230 (net accruals of $+6926.4M vs assets), DSRI = 2.43, LVGI = 1.15. Gross Margin Index (GMI) dropped per financial institution adjustment.",2.4294084294675686,1.11763052379235,1.1496867490305653,0.23030522704379852,,,,,,,
SOFI,0001818874,2023,2023-12-31,growth_divergence,1.597550491739039,+159.8%,WARNING_RECEIVABLES_SURGE,Divergence = +159.8% (WARNING: Receivables growth significantly outpaces revenue (> +20%)). Receivables grew +171.5% YoY ($308M -> $836M) while Revenue grew +11.8% YoY ($377M -> $421M).,,,,,,,,,,0.11763052379234996,1.7151810155313891
SOFI,0001818874,2024,2024-12-31,accruals_ratio,0.044646332174844185,+0.045,NORMAL_ACCRUALS,Accruals Ratio = +0.045 (NORMAL: Accruals align closely with cash flow (<= 5% of assets)). Net Income ($+498.7M) minus CFO ($-1119.8M) = $+1618.5M net accruals on $36.25B total assets.,,,,,,,,,,,
SOFI,0001818874,2024,2024-12-31,adapted_altman_z_score,0.4146492837231822,0.41,DISTRESS_ZONE,"Adapted Z-Score = 0.41 (DISTRESS (< 1.81)). Drivers: Cash/TA = 0.07 (Cash: $2538M), RE/TA = -0.04 (negative (accumulated deficit) RE: -1306M), EBIT/TA = +0.01 (Synthetic EBIT), MVE/TL = 0.58x (MVE: $17.14B / Liabilities: $29.73B), Sales/TA = 0.01x. Cash/TA substituted for WC/TA per financial institution adaptation.",,,,,0.0700200389225651,-0.03601555170235396,0.006436934578626641,0.5765668551901887,0.01387889106688539,,
SOFI,0001818874,2024,2024-12-31,adapted_beneish_m_score,-2.0662013239596018,-2.07,LOW_MANIPULATION_RISK,"Adapted M-Score (ex-GMI, financial institution adjustment) = -2.07 (LOW RISK: <= -1.78). Drivers: SGI = 1.19 (+19.4% YoY revenue growth), TATA = +0.045 (net accruals of $+1618.5M vs assets), DSRI = 1.25, LVGI = 1.01. Gross Margin Index (GMI) dropped per financial institution adjustment.",1.2487192001042158,1.1937791550204768,1.0057725589115818,0.044646332174844185,,,,,,,
SOFI,0001818874,2024,2024-12-31,growth_divergence,0.29691579653777955,+29.7%,WARNING_RECEIVABLES_SURGE,Divergence = +29.7% (WARNING: Receivables growth significantly outpaces revenue (> +20%)). Receivables grew +49.1% YoY ($836M -> $1246M) while Revenue grew +19.4% YoY ($421M -> $503M).,,,,,,,,,,0.19377915502047674,0.49069495155825626
SOFI,0001818874,2025,2025-12-31,accruals_ratio,0.08337422319623593,+0.083,ELEVATED_ACCRUALS,Accruals Ratio = +0.083 (ELEVATED: Modest cash lag (5%–10% of assets)). Net Income ($+481.3M) minus CFO ($-3742.5M) = $+4223.8M net accruals on $50.66B total assets.,,,,,,,,,,,
SOFI,0001818874,2025,2025-12-31,adapted_altman_z_score,0.6463555659786568,0.65,DISTRESS_ZONE,"Adapted Z-Score = 0.65 (DISTRESS (< 1.81)). Drivers: Cash/TA = 0.10 (Cash: $4929M), RE/TA = -0.02 (negative (accumulated deficit) RE: -824M), EBIT/TA = +0.01 (Synthetic EBIT), MVE/TL = 0.84x (MVE: $33.87B / Liabilities: $40.17B), Sales/TA = 0.01x. Cash/TA substituted for WC/TA per financial institution adaptation.",,,,,0.09730370092441686,-0.016270632108919304,0.010380024444301533,0.8431709817739742,0.012225565656920963,,
SOFI,0001818874,2025,2025-12-31,adapted_beneish_m_score,-2.1173275632271946,-2.12,LOW_MANIPULATION_RISK,"Adapted M-Score (ex-GMI, financial institution adjustment) = -2.12 (LOW RISK: <= -1.78). Drivers: SGI = 1.23 (+23.1% YoY revenue growth), TATA = +0.083 (net accruals of $+4223.8M vs assets), DSRI = 0.99, LVGI = 0.97. Gross Margin Index (GMI) dropped per financial institution adjustment.",0.9884808757454304,1.2310170673970382,0.9670051353408938,0.08337422319623593,,,,,,,
SOFI,0001818874,2025,2025-12-31,growth_divergence,-0.014180238558842179,-1.4%,NORMAL_ALIGNED,Divergence = -1.4% (NORMAL: Revenue and receivables growth are reasonably aligned (within +/-20%)). Receivables grew +21.7% YoY ($1246M -> $1517M) while Revenue grew +23.1% YoY ($503M -> $619M).,,,,,,,,,,0.2310170673970381,0.2168368288381959
SOFI,0001818874,2026,,accruals_ratio,,"N/A — missing NI, CFO, or Assets",MISSING_DATA,"Cannot compute Accruals Ratio due to missing Net Income, Operating Cash Flow, or Assets.",,,,,,,,,,,
SOFI,0001818874,2026,,adapted_altman_z_score,,N/A — missing fundamental components,MISSING_DATA,Cannot compute Altman Z-Score due to missing fundamental line items (e.g. pending 10-K filing or unpopulated balance sheet tags).,,,,,,,,,,,
SOFI,0001818874,2026,,adapted_beneish_m_score,,"N/A — missing revenue, total_assets, total_liabilities, net_income, operating_cash_flow",MISSING_DATA,"Cannot compute Beneish M-Score due to missing historical inputs: revenue, total_assets, total_liabilities, net_income, operating_cash_flow.",,,,,,,,,,,
SOFI,0001818874,2026,,growth_divergence,,N/A — missing revenue or receivables,MISSING_DATA,Cannot compute divergence due to missing or non-positive revenue or receivables figures.,,,,,,,,,,,
UPST,0001647639,2021,2021-12-31,accruals_ratio,-0.018077898107890608,-0.018,NORMAL_ACCRUALS,Accruals Ratio = -0.018 (NORMAL: Accruals align closely with cash flow (<= 5% of assets)). Net Income ($+135.4M) minus CFO ($+168.4M) = $-32.9M net accruals on $1.82B total assets.,,,,,,,,,,,
UPST,0001647639,2021,2021-12-31,adapted_altman_z_score,8.507407476142891,8.51,SAFE_ZONE,"Adapted Z-Score = 8.51 (SAFE ZONE (> 2.99)). Drivers: Cash/TA = 0.00 (Cash: $0M), RE/TA = +0.04 (positive RE: +66M), EBIT/TA = +0.08, MVE/TL = 12.89x (MVE: $13.06B / Liabilities: $1.01B), Sales/TA = 0.47x. Cash/TA substituted for WC/TA per financial institution adaptation.",,,,,0.0,0.03637607081746047,0.07738779590816582,12.892377057733466,0.4661411570184377,,
UPST,0001647639,2021,2021-12-31,adapted_beneish_m_score,,N/A — initial history period,INSUFFICIENT_HISTORY,Beneish M-Score requires a prior-year baseline (t-1) to compute growth indexes.,,,,,,,,,,,
UPST,0001647639,2021,2021-12-31,growth_divergence,,N/A — initial history period,INSUFFICIENT_HISTORY,Requires prior-year baseline (t-1) to compute growth rates.,,,,,,,,,,,
UPST,0001647639,2022,2022-12-31,accruals_ratio,0.28366719110107463,+0.284,HIGH_ACCRUALS_RISK,Accruals Ratio = +0.284 (HIGH RISK: Earnings heavily exceed cash flow (> 10% of assets)). Net Income ($-108.7M) minus CFO ($-657.9M) = $+549.2M net accruals on $1.94B total assets.,,,,,,,,,,,
UPST,0001647639,2022,2022-12-31,adapted_altman_z_score,0.7208074746409279,0.72,DISTRESS_ZONE,"Adapted Z-Score = 0.72 (DISTRESS (< 1.81)). Drivers: Cash/TA = 0.00 (Cash: $0M), RE/TA = -0.02 (negative (accumulated deficit) RE: -42M), EBIT/TA = -0.06, MVE/TL = 0.85x (MVE: $1.08B / Liabilities: $1.26B), Sales/TA = 0.44x. Cash/TA substituted for WC/TA per financial institution adaptation.",,,,,0.0,-0.021922942231983197,-0.058811892643490314,0.8514656947485859,0.43513455719726823,,
UPST,0001647639,2022,2022-12-31,adapted_beneish_m_score,1.2847711843353067,1.28,ELEVATED_MANIPULATION_RISK,"Adapted M-Score (ex-GMI, financial institution adjustment) = 1.28 (ELEVATED RISK: > -1.78). Drivers: SGI = 0.99 (-0.7% YoY revenue growth), TATA = +0.284 (net accruals of $+549.2M vs assets), DSRI = 4.03, LVGI = 1.17. Gross Margin Index (GMI) dropped per financial institution adjustment.",4.031223702757545,0.9927585674572732,1.1724857844476795,0.28366719110107463,,,,,,,
UPST,0001647639,2022,2022-12-31,growth_divergence,3.009273300792112,+300.9%,WARNING_RECEIVABLES_SURGE,Divergence = +300.9% (WARNING: Receivables growth significantly outpaces revenue (> +20%)). Receivables grew +300.2% YoY ($252M -> $1010M) while Revenue grew -0.7% YoY ($849M -> $842M).,,,,,,,,,,-0.007241432542726809,3.002031868249385
UPST,0001647639,2023,2023-12-31,accruals_ratio,-0.06366565861880918,-0.064,NORMAL_ACCRUALS,Accruals Ratio = -0.064 (NORMAL: Accruals align closely with cash flow (<= 5% of assets)). Net Income ($-240.1M) minus CFO ($-111.7M) = $-128.4M net accruals on $2.02B total assets.,,,,,,,,,,,
UPST,0001647639,2023,2023-12-31,adapted_altman_z_score,1.3911728670042378,1.39,DISTRESS_ZONE,"Adapted Z-Score = 1.39 (DISTRESS (< 1.81)). Drivers: Cash/TA = 0.18 (Cash: $368M), RE/TA = -0.14 (negative (accumulated deficit) RE: -283M), EBIT/TA = -0.13, MVE/TL = 2.56x (MVE: $3.53B / Liabilities: $1.38B), Sales/TA = 0.25x. Cash/TA substituted for WC/TA per financial institution adaptation.",,,,,0.182640920132864,-0.14009022854593228,-0.12717515244658173,2.5557642589478693,0.25460413464875314,,
UPST,0001647639,2023,2023-12-31,adapted_beneish_m_score,-2.4447092795184098,-2.44,LOW_MANIPULATION_RISK,"Adapted M-Score (ex-GMI, financial institution adjustment) = -2.44 (LOW RISK: <= -1.78). Drivers: SGI = 0.61 (-39.0% YoY revenue growth), TATA = -0.064 (net accruals of $-128.4M vs assets), DSRI = 1.88, LVGI = 1.05. Gross Margin Index (GMI) dropped per financial institution adjustment.",1.8774084208147017,0.6096096595144603,1.0495847366758146,-0.06366565861880918,,,,,,,
UPST,0001647639,2023,2023-12-31,growth_divergence,0.5348766486679706,+53.5%,WARNING_RECEIVABLES_SURGE,Divergence = +53.5% (WARNING: Receivables growth significantly outpaces revenue (> +20%)). Receivables grew +14.4% YoY ($1010M -> $1156M) while Revenue grew -39.0% YoY ($842M -> $514M).,,,,,,,,,,-0.39039034048553967,0.14448630818243088
UPST,0001647639,2024,2024-12-31,accruals_ratio,-0.13304503079480076,-0.133,STRONG_CASH_CONVERSION,Accruals Ratio = -0.133 (HIGH QUALITY: Cash flow significantly exceeds net income). Net Income ($-128.6M) minus CFO ($+186.3M) = $-314.9M net accruals on $2.37B total assets.,,,,,,,,,,,
UPST,0001647639,2024,2024-12-31,adapted_altman_z_score,2.2377020873730626,2.24,GREY_ZONE,"Adapted Z-Score = 2.24 (GREY ZONE (1.81–2.99)). Drivers: Cash/TA = 0.33 (Cash: $788M), RE/TA = -0.17 (negative (accumulated deficit) RE: -411M), EBIT/TA = -0.07, MVE/TL = 3.42x (MVE: $5.93B / Liabilities: $1.73B), Sales/TA = 0.27x. Cash/TA substituted for WC/TA per financial institution adaptation.",,,,,0.3330950528061757,-0.17370692678112581,-0.07302875674177572,3.422531920242754,0.2689223889904257,,
UPST,0001647639,2024,2024-12-31,adapted_beneish_m_score,-3.372014123855689,-3.37,LOW_MANIPULATION_RISK,"Adapted M-Score (ex-GMI, financial institution adjustment) = -3.37 (LOW RISK: <= -1.78). Drivers: SGI = 1.24 (+23.9% YoY revenue growth), TATA = -0.133 (net accruals of $-314.9M vs assets), DSRI = 0.56, LVGI = 1.07. Gross Margin Index (GMI) dropped per financial institution adjustment.",0.5625501154402083,1.2394374973226212,1.0692450044694946,-0.13304503079480076,,,,,,,
UPST,0001647639,2024,2024-12-31,growth_divergence,-0.5421917901228578,-54.2%,RAPID_TURNOVER_EXPANSION,Divergence = -54.2% (TURNOVER EXPANSION: Revenue growth significantly outpaces receivables (> +20%)). Receivables grew -30.3% YoY ($1156M -> $806M) while Revenue grew +23.9% YoY ($514M -> $637M).,,,,,,,,,,0.23943749732262123,-0.3027542928002366
UPST,0001647639,2025,2025-12-31,accruals_ratio,0.06767704101613382,+0.068,ELEVATED_ACCRUALS,Accruals Ratio = +0.068 (ELEVATED: Modest cash lag (5%–10% of assets)). Net Income ($+53.6M) minus CFO ($-147.7M) = $+201.3M net accruals on $2.97B total assets.,,,,,,,,,,,
UPST,0001647639,2025,2025-12-31,adapted_altman_z_score,1.7084093136873821,1.71,DISTRESS_ZONE,"Adapted Z-Score = 1.71 (DISTRESS (< 1.81)). Drivers: Cash/TA = 0.22 (Cash: $652M), RE/TA = -0.12 (negative (accumulated deficit) RE: -358M), EBIT/TA = +0.01, MVE/TL = 2.03x (MVE: $4.41B / Liabilities: $2.18B), Sales/TA = 0.35x. Cash/TA substituted for WC/TA per financial institution adaptation.",,,,,0.21930445861157286,-0.12019476906889695,0.01433068722151536,2.026128281463711,0.35089930264336655,,
UPST,0001647639,2025,2025-12-31,adapted_beneish_m_score,-2.039299652195218,-2.04,LOW_MANIPULATION_RISK,"Adapted M-Score (ex-GMI, financial institution adjustment) = -2.04 (LOW RISK: <= -1.78). Drivers: SGI = 1.64 (+64.0% YoY revenue growth), TATA = +0.068 (net accruals of $+201.3M vs assets), DSRI = 0.74, LVGI = 1.00. Gross Margin Index (GMI) dropped per financial institution adjustment.",0.7445885422047523,1.6399231455646885,0.9986308425252522,0.06767704101613382,,,,,,,
UPST,0001647639,2025,2025-12-31,growth_divergence,-0.4188551612808451,-41.9%,RAPID_TURNOVER_EXPANSION,Divergence = -41.9% (TURNOVER EXPANSION: Revenue growth significantly outpaces receivables (> +20%)). Receivables grew +22.1% YoY ($806M -> $985M) while Revenue grew +64.0% YoY ($637M -> $1044M).,,,,,,,,,,0.6399231455646884,0.2210679842838433
UPST,0001647639,2026,,accruals_ratio,,"N/A — missing NI, CFO, or Assets",MISSING_DATA,"Cannot compute Accruals Ratio due to missing Net Income, Operating Cash Flow, or Assets.",,,,,,,,,,,
UPST,0001647639,2026,,adapted_altman_z_score,,N/A — missing fundamental components,MISSING_DATA,Cannot compute Altman Z-Score due to missing fundamental line items (e.g. pending 10-K filing or unpopulated balance sheet tags).,,,,,,,,,,,
UPST,0001647639,2026,,adapted_beneish_m_score,,"N/A — missing revenue, total_assets, total_liabilities, net_income, operating_cash_flow",MISSING_DATA,"Cannot compute Beneish M-Score due to missing historical inputs: revenue, total_assets, total_liabilities, net_income, operating_cash_flow.",,,,,,,,,,,
UPST,0001647639,2026,,growth_divergence,,N/A — missing revenue or receivables,MISSING_DATA,Cannot compute divergence due to missing or non-positive revenue or receivables figures.,,,,,,,,,,,
