ticker,cik,cal_year,fiscal_period_end,line_item,value,source_tag,data_quality,form,filed
AFRM,0001820953,2021,,current_assets,,,MISSING_TAG,,
AFRM,0001820953,2021,,current_liabilities,,,MISSING_TAG,,
AFRM,0001820953,2021,2021-06-30,ebit,-383667000.0,OperatingIncomeLoss,RESTATED,10-K,2023-08-25
AFRM,0001820953,2021,,gross_profit,,,MISSING_TAG,,
AFRM,0001820953,2021,2021-06-30,income_tax_expense,-2343000.0,IncomeTaxExpenseBenefit,COMPARATIVE,10-K,2023-08-25
AFRM,0001820953,2021,2021-06-30,interest_expense,52700000.0,InterestExpenseDebt,FALLBACK_InterestExpenseDebt,10-K,2023-08-25
AFRM,0001820953,2021,2021-06-30,net_income,-441027000.0,NetIncomeLoss,RESTATED,10-K,2023-08-25
AFRM,0001820953,2021,2021-06-30,operating_cash_flow,-193130000.0,NetCashProvidedByUsedInOperatingActivities,COMPARATIVE,10-K,2023-08-25
AFRM,0001820953,2021,2021-06-30,receivables,1904560000.0,NotesReceivableNet,FALLBACK_NotesReceivableNet,10-K,2021-09-17
AFRM,0001820953,2021,2021-06-30,retained_earnings,-898485000.0,RetainedEarningsAccumulatedDeficit,RESTATED,10-K,2022-08-29
AFRM,0001820953,2021,2021-06-30,revenue,429402000.0,RevenueFromContractWithCustomerExcludingAssessedTax,COMPARATIVE,10-K,2023-08-25
AFRM,0001820953,2021,2021-06-30,shareholders_equity,2575527000.0,StockholdersEquity,RESTATED,10-K,2024-08-28
AFRM,0001820953,2021,2021-06-30,total_assets,4866967000.0,Assets,COMPARATIVE,10-K,2022-08-29
AFRM,0001820953,2021,2021-06-30,total_debt,1176673000.0,SecuredDebt+WarehouseAgreementBorrowings,FALLBACK_SecuredDebt+WarehouseAgreementBorrowings,10-K,2022-08-29
AFRM,0001820953,2021,2021-06-30,total_liabilities,2291440000.0,Liabilities,RESTATED,10-K,2022-08-29
AFRM,0001820953,2022,,current_assets,,,MISSING_TAG,,
AFRM,0001820953,2022,,current_liabilities,,,MISSING_TAG,,
AFRM,0001820953,2022,2022-06-30,ebit,-866048000.0,OperatingIncomeLoss,COMPARATIVE,10-K,2024-08-28
AFRM,0001820953,2022,,gross_profit,,,MISSING_TAG,,
AFRM,0001820953,2022,2022-06-30,income_tax_expense,-17414000.0,IncomeTaxExpenseBenefit,COMPARATIVE,10-K,2024-08-28
AFRM,0001820953,2022,2022-06-30,interest_expense,69694000.0,InterestExpenseDebt,FALLBACK_InterestExpenseDebt,10-K,2024-08-28
AFRM,0001820953,2022,2022-06-30,net_income,-707417000.0,NetIncomeLoss,COMPARATIVE,10-K,2024-08-28
AFRM,0001820953,2022,2022-06-30,operating_cash_flow,-162194000.0,NetCashProvidedByUsedInOperatingActivities,COMPARATIVE,10-K,2024-08-28
AFRM,0001820953,2022,2022-06-30,receivables,2348169000.0,NotesReceivableNet,FALLBACK_NotesReceivableNet,10-K,2023-08-25
AFRM,0001820953,2022,2022-06-30,retained_earnings,-1605902000.0,RetainedEarningsAccumulatedDeficit,COMPARATIVE,10-K,2023-08-25
AFRM,0001820953,2022,2022-06-30,revenue,559207000.0,RevenueFromContractWithCustomerExcludingAssessedTax,COMPARATIVE,10-K,2024-08-28
AFRM,0001820953,2022,2022-06-30,shareholders_equity,2618255000.0,StockholdersEquity,COMPARATIVE,10-K,2025-08-28
AFRM,0001820953,2022,2022-06-30,total_assets,6973792000.0,Assets,COMPARATIVE,10-K,2023-08-25
AFRM,0001820953,2022,2022-06-30,total_debt,1627580000.0,SecuredDebt+WarehouseAgreementBorrowings,FALLBACK_SecuredDebt+WarehouseAgreementBorrowings,10-K,2023-08-25
AFRM,0001820953,2022,2022-06-30,total_liabilities,4355537000.0,Liabilities,COMPARATIVE,10-K,2023-08-25
AFRM,0001820953,2023,,current_assets,,,MISSING_TAG,,
AFRM,0001820953,2023,,current_liabilities,,,MISSING_TAG,,
AFRM,0001820953,2023,2023-06-30,ebit,-1200862000.0,OperatingIncomeLoss,COMPARATIVE,10-K,2025-08-28
AFRM,0001820953,2023,,gross_profit,,,MISSING_TAG,,
AFRM,0001820953,2023,2023-06-30,income_tax_expense,-3900000.0,IncomeTaxExpenseBenefit,COMPARATIVE,10-K,2025-08-28
AFRM,0001820953,2023,2023-06-30,interest_expense,183013000.0,InterestExpenseDebt,FALLBACK_InterestExpenseDebt,10-K,2025-08-28
AFRM,0001820953,2023,2023-06-30,net_income,-985345000.0,NetIncomeLoss,COMPARATIVE,10-K,2025-08-28
AFRM,0001820953,2023,2023-06-30,operating_cash_flow,12181000.0,NetCashProvidedByUsedInOperatingActivities,COMPARATIVE,10-K,2025-08-28
AFRM,0001820953,2023,2023-06-30,receivables,4198431000.0,NotesReceivableNet,FALLBACK_NotesReceivableNet,10-K,2024-08-28
AFRM,0001820953,2023,2023-06-30,retained_earnings,-2591247000.0,RetainedEarningsAccumulatedDeficit,COMPARATIVE,10-K,2024-08-28
AFRM,0001820953,2023,2023-06-30,revenue,1587985000.0,Revenues,COMPARATIVE,10-K,2025-08-28
AFRM,0001820953,2023,2023-06-30,shareholders_equity,2534183000.0,StockholdersEquity,COMPARATIVE,10-K,2026-08-27
AFRM,0001820953,2023,2023-06-30,total_assets,8155615000.0,Assets,COMPARATIVE,10-K,2024-08-28
AFRM,0001820953,2023,2023-06-30,total_debt,2165577000.0,SecuredDebt+WarehouseAgreementBorrowings,FALLBACK_SecuredDebt+WarehouseAgreementBorrowings,10-K,2024-08-28
AFRM,0001820953,2023,2023-06-30,total_liabilities,5621432000.0,Liabilities,COMPARATIVE,10-K,2024-08-28
AFRM,0001820953,2024,,current_assets,,,MISSING_TAG,,
AFRM,0001820953,2024,,current_liabilities,,,MISSING_TAG,,
AFRM,0001820953,2024,2024-06-30,ebit,-615847000.0,OperatingIncomeLoss,COMPARATIVE,10-K,2026-08-27
AFRM,0001820953,2024,,gross_profit,,,MISSING_TAG,,
AFRM,0001820953,2024,2024-06-30,income_tax_expense,2230000.0,IncomeTaxExpenseBenefit,COMPARATIVE,10-K,2026-08-27
AFRM,0001820953,2024,2024-06-30,interest_expense,344253000.0,InterestExpenseDebt,FALLBACK_InterestExpenseDebt,10-K,2026-08-27
AFRM,0001820953,2024,2024-06-30,net_income,-517757000.0,NetIncomeLoss,COMPARATIVE,10-K,2026-08-27
AFRM,0001820953,2024,2024-06-30,operating_cash_flow,450138000.0,NetCashProvidedByUsedInOperatingActivities,COMPARATIVE,10-K,2026-08-27
AFRM,0001820953,2024,2024-06-30,receivables,5360959000.0,NotesReceivableNet,FALLBACK_NotesReceivableNet,10-K,2025-08-28
AFRM,0001820953,2024,2024-06-30,retained_earnings,-3109004000.0,RetainedEarningsAccumulatedDeficit,COMPARATIVE,10-K,2025-08-28
AFRM,0001820953,2024,2024-06-30,revenue,2322999000.0,Revenues,COMPARATIVE,10-K,2026-08-27
AFRM,0001820953,2024,2024-06-30,shareholders_equity,2731989000.0,StockholdersEquity,COMPARATIVE,10-K,2026-08-27
AFRM,0001820953,2024,2024-06-30,total_assets,9519619000.0,Assets,COMPARATIVE,10-K,2025-08-28
AFRM,0001820953,2024,2024-06-30,total_debt,1836909000.0,LongTermDebt,OK,10-K,2024-08-28
AFRM,0001820953,2024,2024-06-30,total_liabilities,6787630000.0,Liabilities,COMPARATIVE,10-K,2025-08-28
AFRM,0001820953,2025,,current_assets,,,MISSING_TAG,,
AFRM,0001820953,2025,,current_liabilities,,,MISSING_TAG,,
AFRM,0001820953,2025,2025-06-30,ebit,-87273000.0,OperatingIncomeLoss,COMPARATIVE,10-K,2026-08-27
AFRM,0001820953,2025,,gross_profit,,,MISSING_TAG,,
AFRM,0001820953,2025,2025-06-30,income_tax_expense,9279000.0,IncomeTaxExpenseBenefit,COMPARATIVE,10-K,2026-08-27
AFRM,0001820953,2025,2025-06-30,interest_expense,425451000.0,InterestExpenseDebt,FALLBACK_InterestExpenseDebt,10-K,2026-08-27
AFRM,0001820953,2025,2025-06-30,net_income,52186000.0,NetIncomeLoss,COMPARATIVE,10-K,2026-08-27
AFRM,0001820953,2025,2025-06-30,operating_cash_flow,793909000.0,NetCashProvidedByUsedInOperatingActivities,COMPARATIVE,10-K,2026-08-27
AFRM,0001820953,2025,2025-06-30,receivables,6628606000.0,NotesReceivableNet,FALLBACK_NotesReceivableNet,10-K,2026-08-27
AFRM,0001820953,2025,2025-06-30,retained_earnings,-3056818000.0,RetainedEarningsAccumulatedDeficit,COMPARATIVE,10-K,2026-08-27
AFRM,0001820953,2025,2025-06-30,revenue,3224412000.0,Revenues,COMPARATIVE,10-K,2026-08-27
AFRM,0001820953,2025,2025-06-30,shareholders_equity,3069009000.0,StockholdersEquity,COMPARATIVE,10-K,2026-08-27
AFRM,0001820953,2025,2025-06-30,total_assets,11154929000.0,Assets,COMPARATIVE,10-K,2026-08-27
AFRM,0001820953,2025,2025-06-30,total_debt,7609663000.0,LongTermDebt,OK,10-K,2025-08-28
AFRM,0001820953,2025,2025-06-30,total_liabilities,8085919000.0,Liabilities,COMPARATIVE,10-K,2026-08-27
AFRM,0001820953,2026,,current_assets,,,MISSING_TAG,,
AFRM,0001820953,2026,,current_liabilities,,,MISSING_TAG,,
AFRM,0001820953,2026,2026-06-30,ebit,416977000.0,OperatingIncomeLoss,OK,10-K,2026-08-27
AFRM,0001820953,2026,,gross_profit,,,MISSING_TAG,,
AFRM,0001820953,2026,2026-06-30,income_tax_expense,-1437067000.0,IncomeTaxExpenseBenefit,OK,10-K,2026-08-27
AFRM,0001820953,2026,2026-06-30,interest_expense,454016000.0,InterestExpenseDebt,FALLBACK_InterestExpenseDebt,10-K,2026-08-27
AFRM,0001820953,2026,2026-06-30,net_income,1929793000.0,NetIncomeLoss,OK,10-K,2026-08-27
AFRM,0001820953,2026,2026-06-30,operating_cash_flow,1230974000.0,NetCashProvidedByUsedInOperatingActivities,OK,10-K,2026-08-27
AFRM,0001820953,2026,2026-06-30,receivables,8997447000.0,NotesReceivableNet,FALLBACK_NotesReceivableNet,10-K,2026-08-27
AFRM,0001820953,2026,2026-06-30,retained_earnings,-1127025000.0,RetainedEarningsAccumulatedDeficit,OK,10-K,2026-08-27
AFRM,0001820953,2026,2026-06-30,revenue,1443922000.0,RevenueFromContractWithCustomerExcludingAssessedTax,OK,10-K,2026-08-27
AFRM,0001820953,2026,2026-06-30,shareholders_equity,5483824000.0,StockholdersEquity,OK,10-K,2026-08-27
AFRM,0001820953,2026,2026-06-30,total_assets,15790148000.0,Assets,OK,10-K,2026-08-27
AFRM,0001820953,2026,2026-06-30,total_debt,9794058000.0,LongTermDebt,OK,10-K,2026-08-27
AFRM,0001820953,2026,2026-06-30,total_liabilities,10306324000.0,Liabilities,OK,10-K,2026-08-27
ENVA,0001529864,2021,None,current_assets,nan,None,MISSING_TAG,None,None
ENVA,0001529864,2021,None,current_liabilities,nan,None,MISSING_TAG,None,None
ENVA,0001529864,2021,2021-12-31,ebit,413063000.0,OperatingIncomeLoss,COMPARATIVE,10-K,2024-02-23
ENVA,0001529864,2021,2021-12-31,gross_profit,1024260000.0,GrossProfit,COMPARATIVE,10-K,2024-02-23
ENVA,0001529864,2021,2021-12-31,income_tax_expense,80087000.0,IncomeTaxExpenseBenefit,COMPARATIVE,10-K,2024-02-23
ENVA,0001529864,2021,2021-12-31,interest_expense,76509000.0,InterestExpense,COMPARATIVE,10-K,2024-02-23
ENVA,0001529864,2021,2021-12-31,net_income,256295000.0,NetIncomeLoss,COMPARATIVE,10-K,2024-02-23
ENVA,0001529864,2021,2021-12-31,operating_cash_flow,471868000.0,NetCashProvidedByUsedInOperatingActivities,COMPARATIVE,10-K,2024-02-23
ENVA,0001529864,2021,None,receivables,nan,None,MISSING_TAG,None,None
ENVA,0001529864,2021,2021-12-31,retained_earnings,1105761000.0,RetainedEarningsAccumulatedDeficit,COMPARATIVE,10-K,2023-02-24
ENVA,0001529864,2021,2021-12-31,revenue,1207932000.0,Revenues,FALLBACK_Revenues,10-K,2024-02-23
ENVA,0001529864,2021,2021-12-31,shareholders_equity,1093052000.0,StockholdersEquity,COMPARATIVE,10-K,2023-02-24
ENVA,0001529864,2021,2021-12-31,total_assets,2761483000.0,Assets,COMPARATIVE,10-K,2023-02-24
ENVA,0001529864,2021,2021-12-31,total_debt,1384399000.0,LongTermDebt,COMPARATIVE,10-K,2023-02-24
ENVA,0001529864,2021,2021-12-31,total_liabilities,1668431000.0,Liabilities,COMPARATIVE,10-K,2023-02-24
ENVA,0001529864,2022,None,current_assets,nan,None,MISSING_TAG,None,None
ENVA,0001529864,2022,None,current_liabilities,nan,None,MISSING_TAG,None,None
ENVA,0001529864,2022,2022-12-31,ebit,383992000.0,OperatingIncomeLoss,COMPARATIVE,10-K,2025-02-18
ENVA,0001529864,2022,2022-12-31,gross_profit,1117564000.0,GrossProfit,COMPARATIVE,10-K,2025-02-18
ENVA,0001529864,2022,2022-12-31,income_tax_expense,65150000.0,IncomeTaxExpenseBenefit,COMPARATIVE,10-K,2025-02-18
ENVA,0001529864,2022,2022-12-31,interest_expense,115887000.0,InterestExpense,COMPARATIVE,10-K,2025-02-18
ENVA,0001529864,2022,2022-12-31,net_income,207424000.0,NetIncomeLoss,COMPARATIVE,10-K,2025-02-18
ENVA,0001529864,2022,2022-12-31,operating_cash_flow,893998000.0,NetCashProvidedByUsedInOperatingActivities,COMPARATIVE,10-K,2025-02-18
ENVA,0001529864,2022,None,receivables,nan,None,MISSING_TAG,None,None
ENVA,0001529864,2022,2022-12-31,retained_earnings,1313185000.0,RetainedEarningsAccumulatedDeficit,COMPARATIVE,10-K,2024-02-23
ENVA,0001529864,2022,2022-12-31,revenue,1736085000.0,Revenues,FALLBACK_Revenues,10-K,2025-02-18
ENVA,0001529864,2022,2022-12-31,shareholders_equity,1186145000.0,StockholdersEquity,COMPARATIVE,10-K,2024-02-23
ENVA,0001529864,2022,2022-12-31,total_assets,3780889000.0,Assets,COMPARATIVE,10-K,2024-02-23
ENVA,0001529864,2022,2022-12-31,total_debt,2258660000.0,LongTermDebt,COMPARATIVE,10-K,2024-02-23
ENVA,0001529864,2022,2022-12-31,total_liabilities,2594744000.0,Liabilities,COMPARATIVE,10-K,2024-02-23
ENVA,0001529864,2023,None,current_assets,nan,None,MISSING_TAG,None,None
ENVA,0001529864,2023,None,current_liabilities,nan,None,MISSING_TAG,None,None
ENVA,0001529864,2023,2023-12-31,ebit,422135000.0,OperatingIncomeLoss,COMPARATIVE,10-K,2026-02-20
ENVA,0001529864,2023,2023-12-31,gross_profit,1229922000.0,GrossProfit,COMPARATIVE,10-K,2026-02-20
ENVA,0001529864,2023,2023-12-31,income_tax_expense,52126000.0,IncomeTaxExpenseBenefit,COMPARATIVE,10-K,2026-02-20
ENVA,0001529864,2023,2023-12-31,interest_expense,194779000.0,InterestExpense,COMPARATIVE,10-K,2026-02-20
ENVA,0001529864,2023,2023-12-31,net_income,175121000.0,NetIncomeLoss,COMPARATIVE,10-K,2026-02-20
ENVA,0001529864,2023,2023-12-31,operating_cash_flow,1166869000.0,NetCashProvidedByUsedInOperatingActivities,COMPARATIVE,10-K,2026-02-20
ENVA,0001529864,2023,None,receivables,nan,None,MISSING_TAG,None,None
ENVA,0001529864,2023,2023-12-31,retained_earnings,1488306000.0,RetainedEarningsAccumulatedDeficit,COMPARATIVE,10-K,2025-02-18
ENVA,0001529864,2023,2023-12-31,revenue,2117639000.0,Revenues,COMPARATIVE,10-K,2026-02-20
ENVA,0001529864,2023,2023-12-31,shareholders_equity,1240183000.0,StockholdersEquity,COMPARATIVE,10-K,2025-02-18
ENVA,0001529864,2023,2023-12-31,total_assets,4585536000.0,Assets,COMPARATIVE,10-K,2025-02-18
ENVA,0001529864,2023,2023-12-31,total_debt,2943805000.0,LongTermDebt,COMPARATIVE,10-K,2025-02-18
ENVA,0001529864,2023,2023-12-31,total_liabilities,3345353000.0,Liabilities,COMPARATIVE,10-K,2025-02-18
ENVA,0001529864,2024,None,current_assets,nan,None,MISSING_TAG,None,None
ENVA,0001529864,2024,None,current_liabilities,nan,None,MISSING_TAG,None,None
ENVA,0001529864,2024,2024-12-31,ebit,584758000.0,OperatingIncomeLoss,COMPARATIVE,10-K,2026-02-20
ENVA,0001529864,2024,2024-12-31,gross_profit,1529449000.0,GrossProfit,COMPARATIVE,10-K,2026-02-20
ENVA,0001529864,2024,2024-12-31,income_tax_expense,61653000.0,IncomeTaxExpenseBenefit,COMPARATIVE,10-K,2026-02-20
ENVA,0001529864,2024,2024-12-31,interest_expense,290442000.0,InterestExpense,COMPARATIVE,10-K,2026-02-20
ENVA,0001529864,2024,2024-12-31,net_income,209448000.0,NetIncomeLoss,COMPARATIVE,10-K,2026-02-20
ENVA,0001529864,2024,2024-12-31,operating_cash_flow,1538576000.0,NetCashProvidedByUsedInOperatingActivities,COMPARATIVE,10-K,2026-02-20
ENVA,0001529864,2024,None,receivables,nan,None,MISSING_TAG,None,None
ENVA,0001529864,2024,2024-12-31,retained_earnings,1697754000.0,RetainedEarningsAccumulatedDeficit,COMPARATIVE,10-K,2026-02-20
ENVA,0001529864,2024,2024-12-31,revenue,2657800000.0,Revenues,FALLBACK_Revenues,10-K,2026-02-20
ENVA,0001529864,2024,2024-12-31,shareholders_equity,1196924000.0,StockholdersEquity,COMPARATIVE,10-K,2026-02-20
ENVA,0001529864,2024,2024-12-31,total_assets,5266131000.0,Assets,COMPARATIVE,10-K,2026-02-20
ENVA,0001529864,2024,2024-12-31,total_debt,3563482000.0,LongTermDebt,COMPARATIVE,10-K,2026-02-20
ENVA,0001529864,2024,2024-12-31,total_liabilities,4069207000.0,Liabilities,COMPARATIVE,10-K,2026-02-20
ENVA,0001529864,2025,None,current_assets,nan,None,MISSING_TAG,None,None
ENVA,0001529864,2025,None,current_liabilities,nan,None,MISSING_TAG,None,None
ENVA,0001529864,2025,2025-12-31,ebit,739432000.0,OperatingIncomeLoss,OK,10-K,2026-02-20
ENVA,0001529864,2025,2025-12-31,gross_profit,1830241000.0,GrossProfit,OK,10-K,2026-02-20
ENVA,0001529864,2025,2025-12-31,income_tax_expense,92645000.0,IncomeTaxExpenseBenefit,OK,10-K,2026-02-20
ENVA,0001529864,2025,2025-12-31,interest_expense,339305000.0,InterestExpense,OK,10-K,2026-02-20
ENVA,0001529864,2025,2025-12-31,net_income,308389000.0,NetIncomeLoss,OK,10-K,2026-02-20
ENVA,0001529864,2025,2025-12-31,operating_cash_flow,1819121000.0,NetCashProvidedByUsedInOperatingActivities,OK,10-K,2026-02-20
ENVA,0001529864,2025,None,receivables,nan,None,MISSING_TAG,None,None
ENVA,0001529864,2025,2025-12-31,retained_earnings,2006143000.0,RetainedEarningsAccumulatedDeficit,OK,10-K,2026-02-20
ENVA,0001529864,2025,2025-12-31,revenue,3151653000.0,Revenues,OK,10-K,2026-02-20
ENVA,0001529864,2025,2025-12-31,shareholders_equity,1336724000.0,StockholdersEquity,OK,10-K,2026-02-20
ENVA,0001529864,2025,2025-12-31,total_assets,6468432000.0,Assets,OK,10-K,2026-02-20
ENVA,0001529864,2025,2025-12-31,total_debt,4498381000.0,LongTermDebt,OK,10-K,2026-02-20
ENVA,0001529864,2025,2025-12-31,total_liabilities,5131708000.0,Liabilities,OK,10-K,2026-02-20
ENVA,0001529864,2026,None,current_assets,nan,None,MISSING_TAG,None,None
ENVA,0001529864,2026,None,current_liabilities,nan,None,MISSING_TAG,None,None
ENVA,0001529864,2026,None,ebit,nan,None,MISSING_TAG,None,None
ENVA,0001529864,2026,None,gross_profit,nan,None,MISSING_TAG,None,None
ENVA,0001529864,2026,None,income_tax_expense,nan,None,MISSING_TAG,None,None
ENVA,0001529864,2026,None,interest_expense,nan,None,MISSING_TAG,None,None
ENVA,0001529864,2026,None,net_income,nan,None,MISSING_TAG,None,None
ENVA,0001529864,2026,None,operating_cash_flow,nan,None,MISSING_TAG,None,None
ENVA,0001529864,2026,None,receivables,nan,None,MISSING_TAG,None,None
ENVA,0001529864,2026,None,retained_earnings,nan,None,MISSING_TAG,None,None
ENVA,0001529864,2026,None,revenue,nan,None,MISSING_TAG,None,None
ENVA,0001529864,2026,None,shareholders_equity,nan,None,MISSING_TAG,None,None
ENVA,0001529864,2026,None,total_assets,nan,None,MISSING_TAG,None,None
ENVA,0001529864,2026,None,total_debt,nan,None,MISSING_TAG,None,None
ENVA,0001529864,2026,None,total_liabilities,nan,None,MISSING_TAG,None,None
LC,0001409970,2021,,current_assets,,,MISSING_TAG,,
LC,0001409970,2021,,current_liabilities,,,MISSING_TAG,,
LC,0001409970,2021,,ebit,,,MISSING_TAG,,
LC,0001409970,2021,,gross_profit,,,MISSING_TAG,,
LC,0001409970,2021,2021-12-31,income_tax_expense,-136000.0,IncomeTaxExpenseBenefit,COMPARATIVE,10-K,2024-02-16
LC,0001409970,2021,2021-12-31,interest_expense,80001000.0,InterestExpense,COMPARATIVE,10-K,2024-02-16
LC,0001409970,2021,2021-12-31,net_income,18580000.0,NetIncomeLoss,COMPARATIVE,10-K,2024-02-16
LC,0001409970,2021,2021-12-31,operating_cash_flow,239869000.0,NetCashProvidedByUsedInOperatingActivities,COMPARATIVE,10-K,2024-02-16
LC,0001409970,2021,2021-12-31,receivables,2754737000.0,FinancingReceivableExcludingAccruedInterestAfterAllowanceForCreditLoss,FALLBACK_FinancingReceivableExcludingAccruedInterestAfterAllowanceForCreditLoss,10-K,2023-02-09
LC,0001409970,2021,2021-12-31,retained_earnings,-717430000.0,RetainedEarningsAccumulatedDeficit,RESTATED,10-K,2023-02-09
LC,0001409970,2021,2021-12-31,revenue,292832000.0,InterestAndDividendIncomeOperating,FALLBACK_InterestAndDividendIncomeOperating,10-K,2024-02-16
LC,0001409970,2021,2021-12-31,shareholders_equity,850242000.0,StockholdersEquity,OK,10-K,2025-02-13
LC,0001409970,2021,2021-12-31,total_assets,4900319000.0,Assets,COMPARATIVE,10-K,2023-02-09
LC,0001409970,2021,,total_debt,,,MISSING_TAG,,
LC,0001409970,2021,2021-12-31,total_liabilities,4050077000.0,Liabilities,COMPARATIVE,10-K,2023-02-09
LC,0001409970,2022,,current_assets,,,MISSING_TAG,,
LC,0001409970,2022,,current_liabilities,,,MISSING_TAG,,
LC,0001409970,2022,,ebit,,,MISSING_TAG,,
LC,0001409970,2022,,gross_profit,,,MISSING_TAG,,
LC,0001409970,2022,2022-12-31,income_tax_expense,-136648000.0,IncomeTaxExpenseBenefit,COMPARATIVE,10-K,2025-02-13
LC,0001409970,2022,2022-12-31,interest_expense,82515000.0,InterestExpense,COMPARATIVE,10-K,2025-02-13
LC,0001409970,2022,2022-12-31,net_income,289685000.0,NetIncomeLoss,COMPARATIVE,10-K,2025-02-13
LC,0001409970,2022,2022-12-31,operating_cash_flow,375568000.0,NetCashProvidedByUsedInOperatingActivities,COMPARATIVE,10-K,2025-02-13
LC,0001409970,2022,2022-12-31,receivables,4705302000.0,FinancingReceivableExcludingAccruedInterestAfterAllowanceForCreditLoss,FALLBACK_FinancingReceivableExcludingAccruedInterestAfterAllowanceForCreditLoss,10-K,2024-02-16
LC,0001409970,2022,2022-12-31,retained_earnings,-427745000.0,RetainedEarningsAccumulatedDeficit,COMPARATIVE,10-K,2024-02-16
LC,0001409970,2022,2022-12-31,revenue,557340000.0,InterestAndDividendIncomeOperating,FALLBACK_InterestAndDividendIncomeOperating,10-K,2025-02-13
LC,0001409970,2022,2022-12-31,shareholders_equity,1164294000.0,StockholdersEquity,COMPARATIVE,10-K,2026-02-12
LC,0001409970,2022,2022-12-31,total_assets,7979747000.0,Assets,COMPARATIVE,10-K,2024-02-16
LC,0001409970,2022,,total_debt,,,MISSING_TAG,,
LC,0001409970,2022,2022-12-31,total_liabilities,6815453000.0,Liabilities,COMPARATIVE,10-K,2024-02-16
LC,0001409970,2023,,current_assets,,,MISSING_TAG,,
LC,0001409970,2023,,current_liabilities,,,MISSING_TAG,,
LC,0001409970,2023,,ebit,,,MISSING_TAG,,
LC,0001409970,2023,,gross_profit,,,MISSING_TAG,,
LC,0001409970,2023,2023-12-31,income_tax_expense,15678000.0,IncomeTaxExpenseBenefit,COMPARATIVE,10-K,2026-02-12
LC,0001409970,2023,2023-12-31,interest_expense,270792000.0,InterestExpense,COMPARATIVE,10-K,2026-02-12
LC,0001409970,2023,2023-12-31,net_income,38939000.0,NetIncomeLoss,COMPARATIVE,10-K,2026-02-12
LC,0001409970,2023,2023-12-31,operating_cash_flow,-1136600000.0,NetCashProvidedByUsedInOperatingActivities,COMPARATIVE,10-K,2026-02-12
LC,0001409970,2023,2023-12-31,receivables,4539915000.0,FinancingReceivableExcludingAccruedInterestAfterAllowanceForCreditLoss,FALLBACK_FinancingReceivableExcludingAccruedInterestAfterAllowanceForCreditLoss,10-K,2025-02-13
LC,0001409970,2023,2023-12-31,retained_earnings,-388806000.0,RetainedEarningsAccumulatedDeficit,COMPARATIVE,10-K,2025-02-13
LC,0001409970,2023,2023-12-31,revenue,832630000.0,InterestAndDividendIncomeOperating,FALLBACK_InterestAndDividendIncomeOperating,10-K,2026-02-12
LC,0001409970,2023,2023-12-31,shareholders_equity,1251822000.0,StockholdersEquity,COMPARATIVE,10-K,2026-02-12
LC,0001409970,2023,2023-12-31,total_assets,8827463000.0,Assets,COMPARATIVE,10-K,2025-02-13
LC,0001409970,2023,2023-12-31,total_debt,19354000.0,LongTermDebt,OK,10-K,2025-02-13
LC,0001409970,2023,2023-12-31,total_liabilities,7575641000.0,Liabilities,COMPARATIVE,10-K,2025-02-13
LC,0001409970,2024,,current_assets,,,MISSING_TAG,,
LC,0001409970,2024,,current_liabilities,,,MISSING_TAG,,
LC,0001409970,2024,,ebit,,,MISSING_TAG,,
LC,0001409970,2024,,gross_profit,,,MISSING_TAG,,
LC,0001409970,2024,2024-12-31,income_tax_expense,13736000.0,IncomeTaxExpenseBenefit,COMPARATIVE,10-K,2026-02-12
LC,0001409970,2024,2024-12-31,interest_expense,373917000.0,InterestExpense,COMPARATIVE,10-K,2026-02-12
LC,0001409970,2024,2024-12-31,net_income,51330000.0,NetIncomeLoss,COMPARATIVE,10-K,2026-02-12
LC,0001409970,2024,2024-12-31,operating_cash_flow,-2634174000.0,NetCashProvidedByUsedInOperatingActivities,COMPARATIVE,10-K,2026-02-12
LC,0001409970,2024,2024-12-31,receivables,3889084000.0,FinancingReceivableExcludingAccruedInterestAfterAllowanceForCreditLoss,FALLBACK_FinancingReceivableExcludingAccruedInterestAfterAllowanceForCreditLoss,10-K,2026-02-12
LC,0001409970,2024,2024-12-31,retained_earnings,-337476000.0,RetainedEarningsAccumulatedDeficit,COMPARATIVE,10-K,2026-02-12
LC,0001409970,2024,2024-12-31,revenue,907958000.0,InterestAndDividendIncomeOperating,FALLBACK_InterestAndDividendIncomeOperating,10-K,2026-02-12
LC,0001409970,2024,2024-12-31,shareholders_equity,1341731000.0,StockholdersEquity,COMPARATIVE,10-K,2026-02-12
LC,0001409970,2024,2024-12-31,total_assets,10630509000.0,Assets,COMPARATIVE,10-K,2026-02-12
LC,0001409970,2024,2024-12-31,total_debt,0.0,LongTermDebt,COMPARATIVE|ZERO_VALUE,10-K,2026-02-12
LC,0001409970,2024,2024-12-31,total_liabilities,9288778000.0,Liabilities,COMPARATIVE,10-K,2026-02-12
LC,0001409970,2025,,current_assets,,,MISSING_TAG,,
LC,0001409970,2025,,current_liabilities,,,MISSING_TAG,,
LC,0001409970,2025,,ebit,,,MISSING_TAG,,
LC,0001409970,2025,,gross_profit,,,MISSING_TAG,,
LC,0001409970,2025,2025-12-31,income_tax_expense,41269000.0,IncomeTaxExpenseBenefit,OK,10-K,2026-02-12
LC,0001409970,2025,2025-12-31,interest_expense,335871000.0,InterestExpense,OK,10-K,2026-02-12
LC,0001409970,2025,2025-12-31,net_income,135677000.0,NetIncomeLoss,OK,10-K,2026-02-12
LC,0001409970,2025,2025-12-31,operating_cash_flow,-2726940000.0,NetCashProvidedByUsedInOperatingActivities,OK,10-K,2026-02-12
LC,0001409970,2025,2025-12-31,receivables,3997069000.0,FinancingReceivableExcludingAccruedInterestAfterAllowanceForCreditLoss,FALLBACK_FinancingReceivableExcludingAccruedInterestAfterAllowanceForCreditLoss,10-K,2026-02-12
LC,0001409970,2025,2025-12-31,retained_earnings,-201799000.0,RetainedEarningsAccumulatedDeficit,OK,10-K,2026-02-12
LC,0001409970,2025,2025-12-31,revenue,961543000.0,InterestAndDividendIncomeOperating,FALLBACK_InterestAndDividendIncomeOperating,10-K,2026-02-12
LC,0001409970,2025,2025-12-31,shareholders_equity,1500428000.0,StockholdersEquity,OK,10-K,2026-02-12
LC,0001409970,2025,2025-12-31,total_assets,11567816000.0,Assets,OK,10-K,2026-02-12
LC,0001409970,2025,2025-12-31,total_debt,0.0,LongTermDebt,ZERO_VALUE,10-K,2026-02-12
LC,0001409970,2025,2025-12-31,total_liabilities,10067388000.0,Liabilities,OK,10-K,2026-02-12
LC,0001409970,2026,,current_assets,,,MISSING_TAG,,
LC,0001409970,2026,,current_liabilities,,,MISSING_TAG,,
LC,0001409970,2026,,ebit,,,MISSING_TAG,,
LC,0001409970,2026,,gross_profit,,,MISSING_TAG,,
LC,0001409970,2026,,income_tax_expense,,,MISSING_TAG,,
LC,0001409970,2026,,interest_expense,,,MISSING_TAG,,
LC,0001409970,2026,,net_income,,,MISSING_TAG,,
LC,0001409970,2026,,operating_cash_flow,,,MISSING_TAG,,
LC,0001409970,2026,,receivables,,,MISSING_TAG,,
LC,0001409970,2026,,retained_earnings,,,MISSING_TAG,,
LC,0001409970,2026,,revenue,,,MISSING_TAG,,
LC,0001409970,2026,,shareholders_equity,,,MISSING_TAG,,
LC,0001409970,2026,,total_assets,,,MISSING_TAG,,
LC,0001409970,2026,,total_debt,,,MISSING_TAG,,
LC,0001409970,2026,,total_liabilities,,,MISSING_TAG,,
OMF,0001584207,2021,,current_assets,,,MISSING_TAG,,
OMF,0001584207,2021,,current_liabilities,,,MISSING_TAG,,
OMF,0001584207,2021,,ebit,,,MISSING_TAG,,
OMF,0001584207,2021,,gross_profit,,,MISSING_TAG,,
OMF,0001584207,2021,2021-12-31,income_tax_expense,427000000.0,IncomeTaxExpenseBenefit,COMPARATIVE,10-K,2024-02-13
OMF,0001584207,2021,2021-12-31,interest_expense,937000000.0,InterestExpenseBorrowings,FALLBACK_InterestExpenseBorrowings,10-K,2024-02-13
OMF,0001584207,2021,2021-12-31,net_income,1314000000.0,NetIncomeLoss,COMPARATIVE,10-K,2024-02-13
OMF,0001584207,2021,2021-12-31,operating_cash_flow,2247000000.0,NetCashProvidedByUsedInOperatingActivities,COMPARATIVE,10-K,2024-02-13
OMF,0001584207,2021,2021-12-31,receivables,16356000000.0,NotesReceivableNet,FALLBACK_NotesReceivableNet,10-K,2023-02-10
OMF,0001584207,2021,2021-12-31,retained_earnings,1727000000.0,RetainedEarningsAccumulatedDeficit,COMPARATIVE,10-K,2023-02-10
OMF,0001584207,2021,2021-12-31,revenue,4364000000.0,InterestAndDividendIncomeOperating,FALLBACK_InterestAndDividendIncomeOperating,10-K,2024-02-13
OMF,0001584207,2021,2021-12-31,shareholders_equity,3037000000.0,StockholdersEquity,RESTATED,10-K,2025-02-07
OMF,0001584207,2021,2021-12-31,total_assets,22095000000.0,Assets,RESTATED,10-K,2024-02-13
OMF,0001584207,2021,2021-12-31,total_debt,17750000000.0,LongTermDebt,COMPARATIVE,10-K,2023-02-10
OMF,0001584207,2021,2021-12-31,total_liabilities,18986000000.0,Liabilities,COMPARATIVE,10-K,2023-02-10
OMF,0001584207,2022,,current_assets,,,MISSING_TAG,,
OMF,0001584207,2022,,current_liabilities,,,MISSING_TAG,,
OMF,0001584207,2022,,ebit,,,MISSING_TAG,,
OMF,0001584207,2022,,gross_profit,,,MISSING_TAG,,
OMF,0001584207,2022,2022-12-31,income_tax_expense,283000000.0,IncomeTaxExpenseBenefit,RESTATED,10-K,2025-02-07
OMF,0001584207,2022,2022-12-31,interest_expense,892000000.0,InterestExpenseBorrowings,FALLBACK_InterestExpenseBorrowings,10-K,2025-02-07
OMF,0001584207,2022,2022-12-31,net_income,872000000.0,NetIncomeLoss,RESTATED,10-K,2025-02-07
OMF,0001584207,2022,2022-12-31,operating_cash_flow,2387000000.0,NetCashProvidedByUsedInOperatingActivities,COMPARATIVE,10-K,2025-02-07
OMF,0001584207,2022,2022-12-31,receivables,16926000000.0,NotesReceivableNet,FALLBACK_NotesReceivableNet,10-K,2024-02-13
OMF,0001584207,2022,2022-12-31,retained_earnings,2119000000.0,RetainedEarningsAccumulatedDeficit,RESTATED,10-K,2024-02-13
OMF,0001584207,2022,2022-12-31,revenue,4435000000.0,InterestAndDividendIncomeOperating,FALLBACK_InterestAndDividendIncomeOperating,10-K,2025-02-07
OMF,0001584207,2022,2022-12-31,shareholders_equity,3015000000.0,StockholdersEquity,RESTATED,10-K,2026-02-06
OMF,0001584207,2022,2022-12-31,total_assets,22537000000.0,Assets,RESTATED,10-K,2025-02-07
OMF,0001584207,2022,2022-12-31,total_debt,18281000000.0,LongTermDebt,COMPARATIVE,10-K,2024-02-13
OMF,0001584207,2022,2022-12-31,total_liabilities,19522000000.0,Liabilities,RESTATED,10-K,2024-02-13
OMF,0001584207,2023,,current_assets,,,MISSING_TAG,,
OMF,0001584207,2023,,current_liabilities,,,MISSING_TAG,,
OMF,0001584207,2023,,ebit,,,MISSING_TAG,,
OMF,0001584207,2023,,gross_profit,,,MISSING_TAG,,
OMF,0001584207,2023,2023-12-31,income_tax_expense,199000000.0,IncomeTaxExpenseBenefit,COMPARATIVE,10-K,2026-02-06
OMF,0001584207,2023,2023-12-31,interest_expense,1019000000.0,InterestExpenseBorrowings,FALLBACK_InterestExpenseBorrowings,10-K,2026-02-06
OMF,0001584207,2023,2023-12-31,net_income,641000000.0,NetIncomeLoss,COMPARATIVE,10-K,2026-02-06
OMF,0001584207,2023,2023-12-31,operating_cash_flow,2519000000.0,NetCashProvidedByUsedInOperatingActivities,COMPARATIVE,10-K,2026-02-06
OMF,0001584207,2023,2023-12-31,receivables,18098000000.0,NotesReceivableNet,FALLBACK_NotesReceivableNet,10-K,2025-02-07
OMF,0001584207,2023,2023-12-31,retained_earnings,2285000000.0,RetainedEarningsAccumulatedDeficit,COMPARATIVE,10-K,2025-02-07
OMF,0001584207,2023,2023-12-31,revenue,4564000000.0,InterestAndDividendIncomeOperating,FALLBACK_InterestAndDividendIncomeOperating,10-K,2026-02-06
OMF,0001584207,2023,2023-12-31,shareholders_equity,3186000000.0,StockholdersEquity,COMPARATIVE,10-K,2026-02-06
OMF,0001584207,2023,2023-12-31,total_assets,24294000000.0,Assets,COMPARATIVE,10-K,2026-02-06
OMF,0001584207,2023,2023-12-31,total_debt,19813000000.0,LongTermDebt,COMPARATIVE,10-K,2025-02-07
OMF,0001584207,2023,2023-12-31,total_liabilities,21108000000.0,Liabilities,COMPARATIVE,10-K,2025-02-07
OMF,0001584207,2024,,current_assets,,,MISSING_TAG,,
OMF,0001584207,2024,,current_liabilities,,,MISSING_TAG,,
OMF,0001584207,2024,,ebit,,,MISSING_TAG,,
OMF,0001584207,2024,,gross_profit,,,MISSING_TAG,,
OMF,0001584207,2024,2024-12-31,income_tax_expense,158000000.0,IncomeTaxExpenseBenefit,COMPARATIVE,10-K,2026-02-06
OMF,0001584207,2024,2024-12-31,interest_expense,1185000000.0,InterestExpenseBorrowings,FALLBACK_InterestExpenseBorrowings,10-K,2026-02-06
OMF,0001584207,2024,2024-12-31,net_income,509000000.0,NetIncomeLoss,COMPARATIVE,10-K,2026-02-06
OMF,0001584207,2024,2024-12-31,operating_cash_flow,2699000000.0,NetCashProvidedByUsedInOperatingActivities,COMPARATIVE,10-K,2026-02-06
OMF,0001584207,2024,2024-12-31,receivables,20083000000.0,NotesReceivableNet,FALLBACK_NotesReceivableNet,10-K,2026-02-06
OMF,0001584207,2024,2024-12-31,retained_earnings,2296000000.0,RetainedEarningsAccumulatedDeficit,COMPARATIVE,10-K,2026-02-06
OMF,0001584207,2024,2024-12-31,revenue,4993000000.0,InterestAndDividendIncomeOperating,FALLBACK_InterestAndDividendIncomeOperating,10-K,2026-02-06
OMF,0001584207,2024,2024-12-31,shareholders_equity,3191000000.0,StockholdersEquity,COMPARATIVE,10-K,2026-02-06
OMF,0001584207,2024,2024-12-31,total_assets,25910000000.0,Assets,COMPARATIVE,10-K,2026-02-06
OMF,0001584207,2024,2024-12-31,total_debt,21438000000.0,LongTermDebt,COMPARATIVE,10-K,2026-02-06
OMF,0001584207,2024,2024-12-31,total_liabilities,22719000000.0,Liabilities,COMPARATIVE,10-K,2026-02-06
OMF,0001584207,2025,,current_assets,,,MISSING_TAG,,
OMF,0001584207,2025,,current_liabilities,,,MISSING_TAG,,
OMF,0001584207,2025,,ebit,,,MISSING_TAG,,
OMF,0001584207,2025,,gross_profit,,,MISSING_TAG,,
OMF,0001584207,2025,2025-12-31,income_tax_expense,218000000.0,IncomeTaxExpenseBenefit,OK,10-K,2026-02-06
OMF,0001584207,2025,2025-12-31,interest_expense,1272000000.0,InterestExpenseBorrowings,FALLBACK_InterestExpenseBorrowings,10-K,2026-02-06
OMF,0001584207,2025,2025-12-31,net_income,783000000.0,NetIncomeLoss,OK,10-K,2026-02-06
OMF,0001584207,2025,2025-12-31,operating_cash_flow,3132000000.0,NetCashProvidedByUsedInOperatingActivities,OK,10-K,2026-02-06
OMF,0001584207,2025,2025-12-31,receivables,21177000000.0,NotesReceivableNet,FALLBACK_NotesReceivableNet,10-K,2026-02-06
OMF,0001584207,2025,2025-12-31,retained_earnings,2579000000.0,RetainedEarningsAccumulatedDeficit,OK,10-K,2026-02-06
OMF,0001584207,2025,2025-12-31,revenue,5455000000.0,InterestAndDividendIncomeOperating,FALLBACK_InterestAndDividendIncomeOperating,10-K,2026-02-06
OMF,0001584207,2025,2025-12-31,shareholders_equity,3401000000.0,StockholdersEquity,OK,10-K,2026-02-06
OMF,0001584207,2025,2025-12-31,total_assets,27388000000.0,Assets,OK,10-K,2026-02-06
OMF,0001584207,2025,2025-12-31,total_debt,22694000000.0,LongTermDebt,OK,10-K,2026-02-06
OMF,0001584207,2025,2025-12-31,total_liabilities,23987000000.0,Liabilities,OK,10-K,2026-02-06
OMF,0001584207,2026,,current_assets,,,MISSING_TAG,,
OMF,0001584207,2026,,current_liabilities,,,MISSING_TAG,,
OMF,0001584207,2026,,ebit,,,MISSING_TAG,,
OMF,0001584207,2026,,gross_profit,,,MISSING_TAG,,
OMF,0001584207,2026,,income_tax_expense,,,MISSING_TAG,,
OMF,0001584207,2026,,interest_expense,,,MISSING_TAG,,
OMF,0001584207,2026,,net_income,,,MISSING_TAG,,
OMF,0001584207,2026,,operating_cash_flow,,,MISSING_TAG,,
OMF,0001584207,2026,,receivables,,,MISSING_TAG,,
OMF,0001584207,2026,,retained_earnings,,,MISSING_TAG,,
OMF,0001584207,2026,,revenue,,,MISSING_TAG,,
OMF,0001584207,2026,,shareholders_equity,,,MISSING_TAG,,
OMF,0001584207,2026,,total_assets,,,MISSING_TAG,,
OMF,0001584207,2026,,total_debt,,,MISSING_TAG,,
OMF,0001584207,2026,,total_liabilities,,,MISSING_TAG,,
OPRT,0001538716,2021,,current_assets,,,MISSING_TAG,,
OPRT,0001538716,2021,,current_liabilities,,,MISSING_TAG,,
OPRT,0001538716,2021,,ebit,,,MISSING_TAG,,
OPRT,0001538716,2021,,gross_profit,,,MISSING_TAG,,
OPRT,0001538716,2021,2021-12-31,income_tax_expense,15377000.0,IncomeTaxExpenseBenefit,COMPARATIVE,10-K,2023-03-14
OPRT,0001538716,2021,2021-12-31,interest_expense,47669000.0,InterestExpenseBorrowings,FALLBACK_InterestExpenseBorrowings,10-K,2023-03-14
OPRT,0001538716,2021,2021-12-31,net_income,47414000.0,NetIncomeLoss,COMPARATIVE,10-K,2023-03-14
OPRT,0001538716,2021,2021-12-31,operating_cash_flow,163447000.0,NetCashProvidedByUsedInOperatingActivities,COMPARATIVE,10-K,2023-03-14
OPRT,0001538716,2021,,receivables,,,MISSING_TAG,,
OPRT,0001538716,2021,2021-12-31,retained_earnings,83846000.0,RetainedEarningsAccumulatedDeficit,COMPARATIVE,10-K,2023-03-14
OPRT,0001538716,2021,2021-12-31,revenue,626782000.0,Revenues,COMPARATIVE,10-K,2023-03-14
OPRT,0001538716,2021,2021-12-31,shareholders_equity,603881000.0,StockholdersEquity,COMPARATIVE,10-K,2024-03-15
OPRT,0001538716,2021,2021-12-31,total_assets,2946625000.0,Assets,COMPARATIVE,10-K,2023-03-14
OPRT,0001538716,2021,2021-12-31,total_debt,2048301000.0,SecuredDebt+WarehouseAgreementBorrowings,FALLBACK_SecuredDebt+WarehouseAgreementBorrowings,10-K,2023-03-14
OPRT,0001538716,2021,2021-12-31,total_liabilities,2342744000.0,Liabilities,COMPARATIVE,10-K,2023-03-14
OPRT,0001538716,2022,,current_assets,,,MISSING_TAG,,
OPRT,0001538716,2022,,current_liabilities,,,MISSING_TAG,,
OPRT,0001538716,2022,,ebit,,,MISSING_TAG,,
OPRT,0001538716,2022,,gross_profit,,,MISSING_TAG,,
OPRT,0001538716,2022,2022-12-31,income_tax_expense,2458000.0,IncomeTaxExpenseBenefit,COMPARATIVE,10-K,2024-03-15
OPRT,0001538716,2022,2022-12-31,interest_expense,93046000.0,InterestExpenseBorrowings,FALLBACK_InterestExpenseBorrowings,10-K,2024-03-15
OPRT,0001538716,2022,2022-12-31,net_income,-77744000.0,NetIncomeLoss,COMPARATIVE,10-K,2024-03-15
OPRT,0001538716,2022,2022-12-31,operating_cash_flow,247875000.0,NetCashProvidedByUsedInOperatingActivities,COMPARATIVE,10-K,2024-03-15
OPRT,0001538716,2022,,receivables,,,MISSING_TAG,,
OPRT,0001538716,2022,2022-12-31,retained_earnings,6102000.0,RetainedEarningsAccumulatedDeficit,COMPARATIVE,10-K,2024-03-15
OPRT,0001538716,2022,2022-12-31,revenue,31186000.0,RevenueFromContractWithCustomerExcludingAssessedTax,COMPARATIVE,10-K,2024-03-15
OPRT,0001538716,2022,2022-12-31,shareholders_equity,547599000.0,StockholdersEquity,COMPARATIVE,10-K,2025-02-20
OPRT,0001538716,2022,2022-12-31,total_assets,3613695000.0,Assets,COMPARATIVE,10-K,2024-03-15
OPRT,0001538716,2022,2022-12-31,total_debt,2899593000.0,SecuredDebt+WarehouseAgreementBorrowings,FALLBACK_SecuredDebt+WarehouseAgreementBorrowings,10-K,2024-03-15
OPRT,0001538716,2022,2022-12-31,total_liabilities,3066096000.0,Liabilities,COMPARATIVE,10-K,2024-03-15
OPRT,0001538716,2023,,current_assets,,,MISSING_TAG,,
OPRT,0001538716,2023,,current_liabilities,,,MISSING_TAG,,
OPRT,0001538716,2023,,ebit,,,MISSING_TAG,,
OPRT,0001538716,2023,,gross_profit,,,MISSING_TAG,,
OPRT,0001538716,2023,2023-12-31,income_tax_expense,-73702000.0,IncomeTaxExpenseBenefit,COMPARATIVE,10-K,2025-02-20
OPRT,0001538716,2023,2023-12-31,interest_expense,179414000.0,InterestExpenseBorrowings,FALLBACK_InterestExpenseBorrowings,10-K,2025-02-20
OPRT,0001538716,2023,2023-12-31,net_income,-179951000.0,NetIncomeLoss,COMPARATIVE,10-K,2025-02-20
OPRT,0001538716,2023,2023-12-31,operating_cash_flow,392765000.0,NetCashProvidedByUsedInOperatingActivities,COMPARATIVE,10-K,2025-02-20
OPRT,0001538716,2023,,receivables,,,MISSING_TAG,,
OPRT,0001538716,2023,2023-12-31,retained_earnings,-173849000.0,RetainedEarningsAccumulatedDeficit,COMPARATIVE,10-K,2025-02-20
OPRT,0001538716,2023,2023-12-31,revenue,25569000.0,RevenueFromContractWithCustomerExcludingAssessedTax,COMPARATIVE,10-K,2025-02-20
OPRT,0001538716,2023,2023-12-31,shareholders_equity,404404000.0,StockholdersEquity,COMPARATIVE,10-K,2026-02-27
OPRT,0001538716,2023,2023-12-31,total_assets,3411888000.0,Assets,COMPARATIVE,10-K,2025-02-20
OPRT,0001538716,2023,2023-12-31,total_debt,2164357000.0,SecuredDebt+WarehouseAgreementBorrowings,FALLBACK_SecuredDebt+WarehouseAgreementBorrowings,10-K,2025-02-20
OPRT,0001538716,2023,2023-12-31,total_liabilities,3007484000.0,Liabilities,COMPARATIVE,10-K,2025-02-20
OPRT,0001538716,2024,,current_assets,,,MISSING_TAG,,
OPRT,0001538716,2024,,current_liabilities,,,MISSING_TAG,,
OPRT,0001538716,2024,,ebit,,,MISSING_TAG,,
OPRT,0001538716,2024,,gross_profit,,,MISSING_TAG,,
OPRT,0001538716,2024,2024-12-31,income_tax_expense,-36495000.0,IncomeTaxExpenseBenefit,COMPARATIVE,10-K,2026-02-27
OPRT,0001538716,2024,2024-12-31,interest_expense,238158000.0,InterestExpenseBorrowings,FALLBACK_InterestExpenseBorrowings,10-K,2026-02-27
OPRT,0001538716,2024,2024-12-31,net_income,-78682000.0,NetIncomeLoss,COMPARATIVE,10-K,2026-02-27
OPRT,0001538716,2024,2024-12-31,operating_cash_flow,393522000.0,NetCashProvidedByUsedInOperatingActivities,COMPARATIVE,10-K,2026-02-27
OPRT,0001538716,2024,,receivables,,,MISSING_TAG,,
OPRT,0001538716,2024,2024-12-31,retained_earnings,-252531000.0,RetainedEarningsAccumulatedDeficit,COMPARATIVE,10-K,2026-02-27
OPRT,0001538716,2024,2024-12-31,revenue,1001775000.0,Revenues,COMPARATIVE,10-K,2026-02-27
OPRT,0001538716,2024,2024-12-31,shareholders_equity,353809000.0,StockholdersEquity,COMPARATIVE,10-K,2026-02-27
OPRT,0001538716,2024,2024-12-31,total_assets,3227103000.0,Assets,COMPARATIVE,10-K,2026-02-27
OPRT,0001538716,2024,2024-12-31,total_debt,1638471000.0,SecuredDebt+WarehouseAgreementBorrowings,FALLBACK_SecuredDebt+WarehouseAgreementBorrowings,10-K,2026-02-27
OPRT,0001538716,2024,2024-12-31,total_liabilities,2873294000.0,Liabilities,COMPARATIVE,10-K,2026-02-27
OPRT,0001538716,2025,,current_assets,,,MISSING_TAG,,
OPRT,0001538716,2025,,current_liabilities,,,MISSING_TAG,,
OPRT,0001538716,2025,,ebit,,,MISSING_TAG,,
OPRT,0001538716,2025,,gross_profit,,,MISSING_TAG,,
OPRT,0001538716,2025,2025-12-31,income_tax_expense,18830000.0,IncomeTaxExpenseBenefit,OK,10-K,2026-02-27
OPRT,0001538716,2025,2025-12-31,interest_expense,231503000.0,InterestExpenseBorrowings,FALLBACK_InterestExpenseBorrowings,10-K,2026-02-27
OPRT,0001538716,2025,2025-12-31,net_income,25246000.0,NetIncomeLoss,OK,10-K,2026-02-27
OPRT,0001538716,2025,2025-12-31,operating_cash_flow,413409000.0,NetCashProvidedByUsedInOperatingActivities,OK,10-K,2026-02-27
OPRT,0001538716,2025,,receivables,,,MISSING_TAG,,
OPRT,0001538716,2025,2025-12-31,retained_earnings,-227285000.0,RetainedEarningsAccumulatedDeficit,OK,10-K,2026-02-27
OPRT,0001538716,2025,2025-12-31,revenue,19465000.0,RevenueFromContractWithCustomerExcludingAssessedTax,OK,10-K,2026-02-27
OPRT,0001538716,2025,2025-12-31,shareholders_equity,390082000.0,StockholdersEquity,OK,10-K,2026-02-27
OPRT,0001538716,2025,2025-12-31,total_assets,3257856000.0,Assets,OK,10-K,2026-02-27
OPRT,0001538716,2025,2025-12-31,total_debt,467675000.0,SecuredDebt+WarehouseAgreementBorrowings,FALLBACK_SecuredDebt+WarehouseAgreementBorrowings,10-K,2026-02-27
OPRT,0001538716,2025,2025-12-31,total_liabilities,2867774000.0,Liabilities,OK,10-K,2026-02-27
OPRT,0001538716,2026,,current_assets,,,MISSING_TAG,,
OPRT,0001538716,2026,,current_liabilities,,,MISSING_TAG,,
OPRT,0001538716,2026,,ebit,,,MISSING_TAG,,
OPRT,0001538716,2026,,gross_profit,,,MISSING_TAG,,
OPRT,0001538716,2026,,income_tax_expense,,,MISSING_TAG,,
OPRT,0001538716,2026,,interest_expense,,,MISSING_TAG,,
OPRT,0001538716,2026,,net_income,,,MISSING_TAG,,
OPRT,0001538716,2026,,operating_cash_flow,,,MISSING_TAG,,
OPRT,0001538716,2026,,receivables,,,MISSING_TAG,,
OPRT,0001538716,2026,,retained_earnings,,,MISSING_TAG,,
OPRT,0001538716,2026,,revenue,,,MISSING_TAG,,
OPRT,0001538716,2026,,shareholders_equity,,,MISSING_TAG,,
OPRT,0001538716,2026,,total_assets,,,MISSING_TAG,,
OPRT,0001538716,2026,,total_debt,,,MISSING_TAG,,
OPRT,0001538716,2026,,total_liabilities,,,MISSING_TAG,,
PGY,0001883085,2021,,current_assets,,,MISSING_TAG,,
PGY,0001883085,2021,,current_liabilities,,,MISSING_TAG,,
PGY,0001883085,2021,2021-12-31,ebit,-5809000.0,OperatingIncomeLoss,OK,10-K,2024-04-25
PGY,0001883085,2021,,gross_profit,,,MISSING_TAG,,
PGY,0001883085,2021,2021-12-31,income_tax_expense,7875000.0,IncomeTaxExpenseBenefit,OK,10-K,2024-04-25
PGY,0001883085,2021,,interest_expense,,,MISSING_TAG,,
PGY,0001883085,2021,2021-12-31,net_income,-91151000.0,NetIncomeLoss,OK,10-K,2024-04-25
PGY,0001883085,2021,2021-12-31,operating_cash_flow,49811000.0,NetCashProvidedByUsedInOperatingActivities,OK,10-K,2024-04-25
PGY,0001883085,2021,,receivables,,,MISSING_TAG,,
PGY,0001883085,2021,,retained_earnings,,,MISSING_TAG,,
PGY,0001883085,2021,2021-12-31,revenue,474588000.0,Revenues,OK,10-K,2024-04-25
PGY,0001883085,2021,2021-12-31,shareholders_equity,177352000.0,StockholdersEquityIncludingPortionAttributableToNoncontrollingInterest,FALLBACK_StockholdersEquityIncludingPortionAttributableToNoncontrollingInterest,10-K,2025-03-12
PGY,0001883085,2021,,total_assets,,,MISSING_TAG,,
PGY,0001883085,2021,,total_debt,,,MISSING_TAG,,
PGY,0001883085,2021,,total_liabilities,,,MISSING_TAG,,
PGY,0001883085,2022,2022-12-31,current_assets,419816000.0,AssetsCurrent,OK,10-K,2024-04-25
PGY,0001883085,2022,2022-12-31,current_liabilities,128018000.0,LiabilitiesCurrent,OK,10-K,2024-04-25
PGY,0001883085,2022,2022-12-31,ebit,-251505000.0,OperatingIncomeLoss,COMPARATIVE,10-K,2025-03-12
PGY,0001883085,2022,,gross_profit,,,MISSING_TAG,,
PGY,0001883085,2022,2022-12-31,income_tax_expense,16400000.0,IncomeTaxExpenseBenefit,COMPARATIVE,10-K,2025-03-12
PGY,0001883085,2022,,interest_expense,,,MISSING_TAG,,
PGY,0001883085,2022,2022-12-31,net_income,-302321000.0,NetIncomeLoss,COMPARATIVE,10-K,2025-03-12
PGY,0001883085,2022,2022-12-31,operating_cash_flow,-40000000.0,NetCashProvidedByUsedInOperatingActivities,COMPARATIVE,10-K,2025-03-12
PGY,0001883085,2022,,receivables,,,MISSING_TAG,,
PGY,0001883085,2022,2022-12-31,retained_earnings,-414199000.0,RetainedEarningsAccumulatedDeficit,OK,10-K,2024-04-25
PGY,0001883085,2022,2022-12-31,revenue,748928000.0,Revenues,COMPARATIVE,10-K,2025-03-12
PGY,0001883085,2022,2022-12-31,shareholders_equity,553520000.0,StockholdersEquity,OK,10-K,2024-04-25
PGY,0001883085,2022,2022-12-31,total_assets,1045079000.0,Assets,OK,10-K,2024-04-25
PGY,0001883085,2022,2022-12-31,total_debt,154631000.0,SecuredLongTermDebt+LongTermLineOfCredit+LongTermDebtCurrent,FALLBACK_SecuredLongTermDebt+LongTermLineOfCredit+LongTermDebtCurrent,10-K,2024-04-25
PGY,0001883085,2022,2022-12-31,total_liabilities,279656000.0,Liabilities,OK,10-K,2024-04-25
PGY,0001883085,2023,2023-12-31,current_assets,303402000.0,AssetsCurrent,COMPARATIVE,10-K,2025-03-12
PGY,0001883085,2023,2023-12-31,current_liabilities,74925000.0,LiabilitiesCurrent,COMPARATIVE,10-K,2025-03-12
PGY,0001883085,2023,2023-12-31,ebit,-24400000.0,OperatingIncomeLoss,RESTATED,10-K/A,2026-06-01
PGY,0001883085,2023,,gross_profit,,,MISSING_TAG,,
PGY,0001883085,2023,2023-12-31,income_tax_expense,15571000.0,IncomeTaxExpenseBenefit,RESTATED,10-K/A,2026-06-01
PGY,0001883085,2023,,interest_expense,,,MISSING_TAG,,
PGY,0001883085,2023,2023-12-31,net_income,-128438000.0,NetIncomeLoss,RESTATED,10-K/A,2026-06-01
PGY,0001883085,2023,2023-12-31,operating_cash_flow,-21659000.0,NetCashProvidedByUsedInOperatingActivities,RESTATED,10-K/A,2026-06-01
PGY,0001883085,2023,,receivables,,,MISSING_TAG,,
PGY,0001883085,2023,2023-12-31,retained_earnings,-542637000.0,RetainedEarningsAccumulatedDeficit,COMPARATIVE,10-K,2025-03-12
PGY,0001883085,2023,2023-12-31,revenue,812051000.0,Revenues,RESTATED,10-K/A,2026-06-01
PGY,0001883085,2023,2023-12-31,shareholders_equity,559721000.0,StockholdersEquity,COMPARATIVE,10-K,2025-03-12
PGY,0001883085,2023,2023-12-31,total_assets,1208376000.0,Assets,COMPARATIVE,10-K,2025-03-12
PGY,0001883085,2023,2023-12-31,total_debt,361713000.0,SecuredLongTermDebt+LongTermLineOfCredit+LongTermDebtCurrent,FALLBACK_SecuredLongTermDebt+LongTermLineOfCredit+LongTermDebtCurrent,10-K,2025-03-12
PGY,0001883085,2023,2023-12-31,total_liabilities,468377000.0,Liabilities,COMPARATIVE,10-K,2025-03-12
PGY,0001883085,2024,2024-12-31,current_assets,351479000.0,AssetsCurrent,OK,10-K,2025-03-12
PGY,0001883085,2024,2024-12-31,current_liabilities,195494000.0,LiabilitiesCurrent,OK,10-K,2025-03-12
PGY,0001883085,2024,2024-12-31,ebit,66840000.0,OperatingIncomeLoss,RESTATED,10-K/A,2026-06-01
PGY,0001883085,2024,,gross_profit,,,MISSING_TAG,,
PGY,0001883085,2024,2024-12-31,income_tax_expense,24576000.0,IncomeTaxExpenseBenefit,RESTATED,10-K/A,2026-06-01
PGY,0001883085,2024,,interest_expense,,,MISSING_TAG,,
PGY,0001883085,2024,2024-12-31,net_income,-401406000.0,NetIncomeLoss,RESTATED,10-K/A,2026-06-01
PGY,0001883085,2024,2024-12-31,operating_cash_flow,47751000.0,NetCashProvidedByUsedInOperatingActivities,RESTATED,10-K/A,2026-06-01
PGY,0001883085,2024,,receivables,,,MISSING_TAG,,
PGY,0001883085,2024,2024-12-31,retained_earnings,-944043000.0,RetainedEarningsAccumulatedDeficit,RESTATED,10-K/A,2026-06-01
PGY,0001883085,2024,2024-12-31,revenue,1004550000.0,RevenueFromContractWithCustomerExcludingAssessedTax,RESTATED,10-K/A,2026-06-01
PGY,0001883085,2024,2024-12-31,shareholders_equity,326491000.0,StockholdersEquity,RESTATED,10-K/A,2026-06-01
PGY,0001883085,2024,2024-12-31,total_assets,1291072000.0,Assets,RESTATED,10-K/A,2026-06-01
PGY,0001883085,2024,2024-12-31,total_debt,321317000.0,LongTermDebt,OK,10-K,2025-03-12
PGY,0001883085,2024,2024-12-31,total_liabilities,775276000.0,Liabilities,RESTATED,10-K/A,2026-06-01
PGY,0001883085,2025,,current_assets,,,MISSING_TAG,,
PGY,0001883085,2025,,current_liabilities,,,MISSING_TAG,,
PGY,0001883085,2025,2025-12-31,ebit,263827000.0,OperatingIncomeLoss,RESTATED,10-K/A,2026-06-01
PGY,0001883085,2025,,gross_profit,,,MISSING_TAG,,
PGY,0001883085,2025,2025-12-31,income_tax_expense,-19745000.0,IncomeTaxExpenseBenefit,RESTATED,10-K/A,2026-06-01
PGY,0001883085,2025,,interest_expense,,,MISSING_TAG,,
PGY,0001883085,2025,2025-12-31,net_income,81389000.0,NetIncomeLoss,RESTATED,10-K/A,2026-06-01
PGY,0001883085,2025,2025-12-31,operating_cash_flow,238620000.0,NetCashProvidedByUsedInOperatingActivities,RESTATED,10-K/A,2026-06-01
PGY,0001883085,2025,,receivables,,,MISSING_TAG,,
PGY,0001883085,2025,2025-12-31,retained_earnings,-862654000.0,RetainedEarningsAccumulatedDeficit,RESTATED,10-K/A,2026-06-01
PGY,0001883085,2025,2025-12-31,revenue,1261341000.0,RevenueFromContractWithCustomerExcludingAssessedTax,RESTATED,10-K/A,2026-06-01
PGY,0001883085,2025,2025-12-31,shareholders_equity,480017000.0,StockholdersEquity,RESTATED,10-K/A,2026-06-01
PGY,0001883085,2025,2025-12-31,total_assets,1545914000.0,Assets,RESTATED,10-K/A,2026-06-01
PGY,0001883085,2025,2025-12-31,total_debt,193892000.0,SecuredDebt+WarehouseAgreementBorrowings,RESTATED,10-K/A,2026-06-01
PGY,0001883085,2025,2025-12-31,total_liabilities,960460000.0,Liabilities,RESTATED,10-K/A,2026-06-01
PGY,0001883085,2026,,current_assets,,,MISSING_TAG,,
PGY,0001883085,2026,,current_liabilities,,,MISSING_TAG,,
PGY,0001883085,2026,,ebit,,,MISSING_TAG,,
PGY,0001883085,2026,,gross_profit,,,MISSING_TAG,,
PGY,0001883085,2026,,income_tax_expense,,,MISSING_TAG,,
PGY,0001883085,2026,,interest_expense,,,MISSING_TAG,,
PGY,0001883085,2026,,net_income,,,MISSING_TAG,,
PGY,0001883085,2026,,operating_cash_flow,,,MISSING_TAG,,
PGY,0001883085,2026,,receivables,,,MISSING_TAG,,
PGY,0001883085,2026,,retained_earnings,,,MISSING_TAG,,
PGY,0001883085,2026,,revenue,,,MISSING_TAG,,
PGY,0001883085,2026,,shareholders_equity,,,MISSING_TAG,,
PGY,0001883085,2026,,total_assets,,,MISSING_TAG,,
PGY,0001883085,2026,,total_debt,,,MISSING_TAG,,
PGY,0001883085,2026,,total_liabilities,,,MISSING_TAG,,
SEZL,0001662991,2021,2021-12-31,current_assets,221290903.0,AssetsCurrent,COMPARATIVE,10-K,2023-02-28
SEZL,0001662991,2021,2021-12-31,current_liabilities,107559445.0,LiabilitiesCurrent,COMPARATIVE,10-K,2023-02-28
SEZL,0001662991,2021,2021-12-31,ebit,-68682839.0,OperatingIncomeLoss,COMPARATIVE,10-K,2023-02-28
SEZL,0001662991,2021,,gross_profit,,,MISSING_TAG,,
SEZL,0001662991,2021,2021-12-31,income_tax_expense,58416.0,IncomeTaxExpenseBenefit,COMPARATIVE,10-K,2023-02-28
SEZL,0001662991,2021,2021-12-31,interest_expense,5269284.0,InterestExpense,COMPARATIVE,10-K,2023-02-28
SEZL,0001662991,2021,2021-12-31,net_income,-75168363.0,NetIncomeLoss,COMPARATIVE,10-K,2023-02-28
SEZL,0001662991,2021,2021-12-31,operating_cash_flow,-72132050.0,NetCashProvidedByUsedInOperatingActivities,COMPARATIVE,10-K,2023-02-28
SEZL,0001662991,2021,2021-12-31,receivables,133986583.0,NotesReceivableNet,FALLBACK_NotesReceivableNet,10-K,2023-02-28
SEZL,0001662991,2021,2021-12-31,retained_earnings,-127402723.0,RetainedEarningsAccumulatedDeficit,COMPARATIVE,10-K,2023-02-28
SEZL,0001662991,2021,2021-12-31,revenue,114816635.0,Revenues,FALLBACK_Revenues,10-K,2023-02-28
SEZL,0001662991,2021,2021-12-31,shareholders_equity,37792038.0,StockholdersEquity,COMPARATIVE,10-K,2024-02-29
SEZL,0001662991,2021,2021-12-31,total_assets,223403576.0,Assets,COMPARATIVE,10-K,2023-02-28
SEZL,0001662991,2021,2021-12-31,total_debt,77711131.0,SecuredLongTermDebt+LongTermLineOfCredit+LongTermDebtCurrent,FALLBACK_SecuredLongTermDebt+LongTermLineOfCredit+LongTermDebtCurrent,10-K,2023-02-28
SEZL,0001662991,2021,2021-12-31,total_liabilities,185611538.0,Liabilities,COMPARATIVE,10-K,2023-02-28
SEZL,0001662991,2022,2022-12-31,current_assets,170131460.0,AssetsCurrent,COMPARATIVE,10-K,2024-02-29
SEZL,0001662991,2022,2022-12-31,current_liabilities,99194522.0,LiabilitiesCurrent,COMPARATIVE,10-K,2024-02-29
SEZL,0001662991,2022,2022-12-31,ebit,-28434605.0,OperatingIncomeLoss,COMPARATIVE,10-K,2024-02-29
SEZL,0001662991,2022,,gross_profit,,,MISSING_TAG,,
SEZL,0001662991,2022,2022-12-31,income_tax_expense,69447.0,IncomeTaxExpenseBenefit,COMPARATIVE,10-K,2024-02-29
SEZL,0001662991,2022,2022-12-31,interest_expense,8600716.0,InterestExpense,COMPARATIVE,10-K,2024-02-29
SEZL,0001662991,2022,2022-12-31,net_income,-38093756.0,NetIncomeLoss,COMPARATIVE,10-K,2024-02-29
SEZL,0001662991,2022,2022-12-31,operating_cash_flow,8511848.0,NetCashProvidedByUsedInOperatingActivities,COMPARATIVE,10-K,2024-02-29
SEZL,0001662991,2022,2022-12-31,receivables,93358404.0,NotesReceivableNet,FALLBACK_NotesReceivableNet,10-K,2023-02-28
SEZL,0001662991,2022,2022-12-31,retained_earnings,-165496479.0,RetainedEarningsAccumulatedDeficit,COMPARATIVE,10-K,2024-02-29
SEZL,0001662991,2022,2022-12-31,revenue,125570441.0,Revenues,COMPARATIVE,10-K,2024-02-29
SEZL,0001662991,2022,2022-12-31,shareholders_equity,8843246.0,StockholdersEquity,COMPARATIVE,10-K,2025-02-27
SEZL,0001662991,2022,2022-12-31,total_assets,172576538.0,Assets,COMPARATIVE,10-K,2024-02-29
SEZL,0001662991,2022,2022-12-31,total_debt,63777475.0,SecuredLongTermDebt+LongTermLineOfCredit+LongTermDebtCurrent,FALLBACK_SecuredLongTermDebt+LongTermLineOfCredit+LongTermDebtCurrent,10-K,2024-02-29
SEZL,0001662991,2022,2022-12-31,total_liabilities,163733292.0,Liabilities,COMPARATIVE,10-K,2024-02-29
SEZL,0001662991,2023,2023-12-31,current_assets,209044866.0,AssetsCurrent,COMPARATIVE,10-K,2025-02-27
SEZL,0001662991,2023,2023-12-31,current_liabilities,187268687.0,LiabilitiesCurrent,COMPARATIVE,10-K,2025-02-27
SEZL,0001662991,2023,2023-12-31,ebit,22200401.0,OperatingIncomeLoss,COMPARATIVE,10-K,2025-02-27
SEZL,0001662991,2023,,gross_profit,,,MISSING_TAG,,
SEZL,0001662991,2023,2023-12-31,income_tax_expense,611487.0,IncomeTaxExpenseBenefit,COMPARATIVE,10-K,2025-02-27
SEZL,0001662991,2023,2023-12-31,interest_expense,15968380.0,InterestExpense,OK,10-K,2024-02-29
SEZL,0001662991,2023,2023-12-31,net_income,7098022.0,NetIncomeLoss,COMPARATIVE,10-K,2025-02-27
SEZL,0001662991,2023,2023-12-31,operating_cash_flow,-25690433.0,NetCashProvidedByUsedInOperatingActivities,COMPARATIVE,10-K,2025-02-27
SEZL,0001662991,2023,,receivables,,,MISSING_TAG,,
SEZL,0001662991,2023,2023-12-31,retained_earnings,-157519880.0,RetainedEarningsAccumulatedDeficit,COMPARATIVE,10-K,2025-02-27
SEZL,0001662991,2023,2023-12-31,revenue,60626162.0,RevenueFromContractWithCustomerExcludingAssessedTax,COMPARATIVE,10-K,2025-02-27
SEZL,0001662991,2023,2023-12-31,shareholders_equity,22094000.0,StockholdersEquity,RESTATED,10-K,2026-02-26
SEZL,0001662991,2023,2023-12-31,total_assets,212645283.0,Assets,COMPARATIVE,10-K,2025-02-27
SEZL,0001662991,2023,2023-12-31,total_debt,0.0,SecuredLongTermDebt+LongTermLineOfCredit+LongTermDebtCurrent,FALLBACK_SecuredLongTermDebt+LongTermLineOfCredit+LongTermDebtCurrent|ZERO_VALUE,10-K,2025-02-27
SEZL,0001662991,2023,2023-12-31,total_liabilities,190550959.0,Liabilities,COMPARATIVE,10-K,2025-02-27
SEZL,0001662991,2024,2024-12-31,current_assets,257619000.0,AssetsCurrent,RESTATED,10-K,2026-02-26
SEZL,0001662991,2024,2024-12-31,current_liabilities,105677000.0,LiabilitiesCurrent,RESTATED,10-K,2026-02-26
SEZL,0001662991,2024,2024-12-31,ebit,82246000.0,OperatingIncomeLoss,RESTATED,10-K,2026-02-26
SEZL,0001662991,2024,,gross_profit,,,MISSING_TAG,,
SEZL,0001662991,2024,2024-12-31,income_tax_expense,-11205000.0,IncomeTaxExpenseBenefit,RESTATED,10-K,2026-02-26
SEZL,0001662991,2024,,interest_expense,,,MISSING_TAG,,
SEZL,0001662991,2024,2024-12-31,net_income,78522000.0,NetIncomeLoss,RESTATED,10-K,2026-02-26
SEZL,0001662991,2024,2024-12-31,operating_cash_flow,130648000.0,NetCashProvidedByUsedInOperatingActivities,RESTATED,10-K,2026-02-26
SEZL,0001662991,2024,,receivables,,,MISSING_TAG,,
SEZL,0001662991,2024,2024-12-31,retained_earnings,-89775000.0,RetainedEarningsAccumulatedDeficit,RESTATED,10-K,2026-02-26
SEZL,0001662991,2024,2024-12-31,revenue,271128000.0,Revenues,RESTATED,10-K,2026-02-26
SEZL,0001662991,2024,2024-12-31,shareholders_equity,87835000.0,StockholdersEquity,RESTATED,10-K,2026-02-26
SEZL,0001662991,2024,2024-12-31,total_assets,298372000.0,Assets,RESTATED,10-K,2026-02-26
SEZL,0001662991,2024,2024-12-31,total_debt,103992000.0,SecuredLongTermDebt+LongTermLineOfCredit+LongTermDebtCurrent,RESTATED,10-K,2026-02-26
SEZL,0001662991,2024,2024-12-31,total_liabilities,210537000.0,Liabilities,RESTATED,10-K,2026-02-26
SEZL,0001662991,2025,2025-12-31,current_assets,351864000.0,AssetsCurrent,OK,10-K,2026-02-26
SEZL,0001662991,2025,2025-12-31,current_liabilities,89766000.0,LiabilitiesCurrent,OK,10-K,2026-02-26
SEZL,0001662991,2025,2025-12-31,ebit,176789000.0,OperatingIncomeLoss,OK,10-K,2026-02-26
SEZL,0001662991,2025,,gross_profit,,,MISSING_TAG,,
SEZL,0001662991,2025,2025-12-31,income_tax_expense,29761000.0,IncomeTaxExpenseBenefit,OK,10-K,2026-02-26
SEZL,0001662991,2025,,interest_expense,,,MISSING_TAG,,
SEZL,0001662991,2025,2025-12-31,net_income,133130000.0,NetIncomeLoss,OK,10-K,2026-02-26
SEZL,0001662991,2025,2025-12-31,operating_cash_flow,209907000.0,NetCashProvidedByUsedInOperatingActivities,OK,10-K,2026-02-26
SEZL,0001662991,2025,,receivables,,,MISSING_TAG,,
SEZL,0001662991,2025,2025-12-31,retained_earnings,-324000.0,RetainedEarningsAccumulatedDeficit,OK,10-K,2026-02-26
SEZL,0001662991,2025,2025-12-31,revenue,235878000.0,RevenueFromContractWithCustomerExcludingAssessedTax,OK,10-K,2026-02-26
SEZL,0001662991,2025,2025-12-31,shareholders_equity,169811000.0,StockholdersEquity,OK,10-K,2026-02-26
SEZL,0001662991,2025,2025-12-31,total_assets,400229000.0,Assets,OK,10-K,2026-02-26
SEZL,0001662991,2025,2025-12-31,total_debt,139991000.0,SecuredLongTermDebt+LongTermLineOfCredit+LongTermDebtCurrent,FALLBACK_SecuredLongTermDebt+LongTermLineOfCredit+LongTermDebtCurrent,10-K,2026-02-26
SEZL,0001662991,2025,2025-12-31,total_liabilities,230418000.0,Liabilities,OK,10-K,2026-02-26
SEZL,0001662991,2026,,current_assets,,,MISSING_TAG,,
SEZL,0001662991,2026,,current_liabilities,,,MISSING_TAG,,
SEZL,0001662991,2026,,ebit,,,MISSING_TAG,,
SEZL,0001662991,2026,,gross_profit,,,MISSING_TAG,,
SEZL,0001662991,2026,,income_tax_expense,,,MISSING_TAG,,
SEZL,0001662991,2026,,interest_expense,,,MISSING_TAG,,
SEZL,0001662991,2026,,net_income,,,MISSING_TAG,,
SEZL,0001662991,2026,,operating_cash_flow,,,MISSING_TAG,,
SEZL,0001662991,2026,,receivables,,,MISSING_TAG,,
SEZL,0001662991,2026,,retained_earnings,,,MISSING_TAG,,
SEZL,0001662991,2026,,revenue,,,MISSING_TAG,,
SEZL,0001662991,2026,,shareholders_equity,,,MISSING_TAG,,
SEZL,0001662991,2026,,total_assets,,,MISSING_TAG,,
SEZL,0001662991,2026,,total_debt,,,MISSING_TAG,,
SEZL,0001662991,2026,,total_liabilities,,,MISSING_TAG,,
SOFI,0001818874,2021,,current_assets,,,MISSING_TAG,,
SOFI,0001818874,2021,,current_liabilities,,,MISSING_TAG,,
SOFI,0001818874,2021,,ebit,,,MISSING_TAG,,
SOFI,0001818874,2021,,gross_profit,,,MISSING_TAG,,
SOFI,0001818874,2021,2021-12-31,income_tax_expense,2760000.0,IncomeTaxExpenseBenefit,COMPARATIVE,10-K,2024-02-27
SOFI,0001818874,2021,2021-12-31,interest_expense,102776000.0,InterestExpense,COMPARATIVE,10-K,2024-02-27
SOFI,0001818874,2021,2021-12-31,net_income,-483937000.0,NetIncomeLoss,COMPARATIVE,10-K,2024-02-27
SOFI,0001818874,2021,2021-12-31,operating_cash_flow,-1350217000.0,NetCashProvidedByUsedInOperatingActivities,COMPARATIVE,10-K,2024-02-27
SOFI,0001818874,2021,2021-12-31,receivables,115912000.0,NotesReceivableNet,RESTATED,10-K,2023-03-01
SOFI,0001818874,2021,2021-12-31,retained_earnings,-1183114000.0,RetainedEarningsAccumulatedDeficit,COMPARATIVE,10-K,2023-03-01
SOFI,0001818874,2021,2021-12-31,revenue,247718000.0,RevenueFromContractWithCustomerExcludingAssessedTax,FALLBACK_RevenueFromContractWithCustomerExcludingAssessedTax,10-K,2024-02-27
SOFI,0001818874,2021,2021-12-31,shareholders_equity,4377329000.0,StockholdersEquity,COMPARATIVE,10-K,2025-02-24
SOFI,0001818874,2021,2021-12-31,total_assets,9176326000.0,Assets,COMPARATIVE,10-K,2023-03-01
SOFI,0001818874,2021,2021-12-31,total_debt,3947983000.0,LongTermDebt,COMPARATIVE,10-K,2023-03-01
SOFI,0001818874,2021,2021-12-31,total_liabilities,4478623000.0,Liabilities,COMPARATIVE,10-K,2023-03-01
SOFI,0001818874,2022,,current_assets,,,MISSING_TAG,,
SOFI,0001818874,2022,,current_liabilities,,,MISSING_TAG,,
SOFI,0001818874,2022,,ebit,,,MISSING_TAG,,
SOFI,0001818874,2022,,gross_profit,,,MISSING_TAG,,
SOFI,0001818874,2022,2022-12-31,income_tax_expense,1686000.0,IncomeTaxExpenseBenefit,COMPARATIVE,10-K,2025-02-24
SOFI,0001818874,2022,2022-12-31,interest_expense,189275000.0,InterestExpense,COMPARATIVE,10-K,2024-02-27
SOFI,0001818874,2022,2022-12-31,net_income,-320407000.0,NetIncomeLoss,COMPARATIVE,10-K,2025-02-24
SOFI,0001818874,2022,2022-12-31,operating_cash_flow,-7255858000.0,NetCashProvidedByUsedInOperatingActivities,COMPARATIVE,10-K,2025-02-24
SOFI,0001818874,2022,2022-12-31,receivables,307957000.0,NotesReceivableNet,FALLBACK_NotesReceivableNet,10-K,2024-02-27
SOFI,0001818874,2022,2022-12-31,retained_earnings,-1503521000.0,RetainedEarningsAccumulatedDeficit,COMPARATIVE,10-K,2024-02-27
SOFI,0001818874,2022,2022-12-31,revenue,377096000.0,RevenueFromContractWithCustomerExcludingAssessedTax,COMPARATIVE,10-K,2025-02-24
SOFI,0001818874,2022,2022-12-31,shareholders_equity,5208102000.0,StockholdersEquity,COMPARATIVE,10-K,2026-02-17
SOFI,0001818874,2022,2022-12-31,total_assets,19007675000.0,Assets,COMPARATIVE,10-K,2024-02-27
SOFI,0001818874,2022,2022-12-31,total_debt,5485882000.0,LongTermDebt,OK,10-K,2023-03-01
SOFI,0001818874,2022,2022-12-31,total_liabilities,13479199000.0,Liabilities,COMPARATIVE,10-K,2024-02-27
SOFI,0001818874,2023,,current_assets,,,MISSING_TAG,,
SOFI,0001818874,2023,,current_liabilities,,,MISSING_TAG,,
SOFI,0001818874,2023,,ebit,,,MISSING_TAG,,
SOFI,0001818874,2023,,gross_profit,,,MISSING_TAG,,
SOFI,0001818874,2023,2023-12-31,income_tax_expense,-416000.0,IncomeTaxExpenseBenefit,COMPARATIVE,10-K,2026-02-17
SOFI,0001818874,2023,2023-12-31,interest_expense,789327000.0,InterestExpense,OK,10-K,2024-02-27
SOFI,0001818874,2023,2023-12-31,net_income,-300742000.0,NetIncomeLoss,COMPARATIVE,10-K,2026-02-17
SOFI,0001818874,2023,2023-12-31,operating_cash_flow,-7227139000.0,NetCashProvidedByUsedInOperatingActivities,COMPARATIVE,10-K,2026-02-17
SOFI,0001818874,2023,2023-12-31,receivables,836159000.0,NotesReceivableNet,FALLBACK_NotesReceivableNet,10-K,2024-02-27
SOFI,0001818874,2023,2023-12-31,retained_earnings,-1804263000.0,RetainedEarningsAccumulatedDeficit,COMPARATIVE,10-K,2025-02-24
SOFI,0001818874,2023,2023-12-31,revenue,421454000.0,RevenueFromContractWithCustomerExcludingAssessedTax,COMPARATIVE,10-K,2026-02-17
SOFI,0001818874,2023,2023-12-31,shareholders_equity,5234612000.0,StockholdersEquity,COMPARATIVE,10-K,2026-02-17
SOFI,0001818874,2023,2023-12-31,total_assets,30074858000.0,Assets,COMPARATIVE,10-K,2025-02-24
SOFI,0001818874,2023,2023-12-31,total_debt,5233416000.0,DebtLongtermAndShorttermCombinedAmount,FALLBACK_DebtLongtermAndShorttermCombinedAmount,10-K,2025-02-24
SOFI,0001818874,2023,2023-12-31,total_liabilities,24519872000.0,Liabilities,COMPARATIVE,10-K,2025-02-24
SOFI,0001818874,2024,,current_assets,,,MISSING_TAG,,
SOFI,0001818874,2024,,current_liabilities,,,MISSING_TAG,,
SOFI,0001818874,2024,,ebit,,,MISSING_TAG,,
SOFI,0001818874,2024,,gross_profit,,,MISSING_TAG,,
SOFI,0001818874,2024,2024-12-31,income_tax_expense,-265320000.0,IncomeTaxExpenseBenefit,COMPARATIVE,10-K,2026-02-17
SOFI,0001818874,2024,,interest_expense,,,MISSING_TAG,,
SOFI,0001818874,2024,2024-12-31,net_income,498665000.0,NetIncomeLoss,COMPARATIVE,10-K,2026-02-17
SOFI,0001818874,2024,2024-12-31,operating_cash_flow,-1119807000.0,NetCashProvidedByUsedInOperatingActivities,COMPARATIVE,10-K,2026-02-17
SOFI,0001818874,2024,2024-12-31,receivables,1246458000.0,FinancingReceivableExcludingAccruedInterestAfterAllowanceForCreditLoss,FALLBACK_FinancingReceivableExcludingAccruedInterestAfterAllowanceForCreditLoss,10-K,2026-02-17
SOFI,0001818874,2024,2024-12-31,retained_earnings,-1305598000.0,RetainedEarningsAccumulatedDeficit,COMPARATIVE,10-K,2026-02-17
SOFI,0001818874,2024,2024-12-31,revenue,503123000.0,RevenueFromContractWithCustomerExcludingAssessedTax,COMPARATIVE,10-K,2026-02-17
SOFI,0001818874,2024,2024-12-31,shareholders_equity,6525134000.0,StockholdersEquity,COMPARATIVE,10-K,2026-02-17
SOFI,0001818874,2024,2024-12-31,total_assets,36250951000.0,Assets,COMPARATIVE,10-K,2026-02-17
SOFI,0001818874,2024,2024-12-31,total_debt,3092692000.0,DebtLongtermAndShorttermCombinedAmount,FALLBACK_DebtLongtermAndShorttermCombinedAmount,10-K,2026-02-17
SOFI,0001818874,2024,2024-12-31,total_liabilities,29725817000.0,Liabilities,COMPARATIVE,10-K,2026-02-17
SOFI,0001818874,2025,,current_assets,,,MISSING_TAG,,
SOFI,0001818874,2025,,current_liabilities,,,MISSING_TAG,,
SOFI,0001818874,2025,,ebit,,,MISSING_TAG,,
SOFI,0001818874,2025,,gross_profit,,,MISSING_TAG,,
SOFI,0001818874,2025,2025-12-31,income_tax_expense,44537000.0,IncomeTaxExpenseBenefit,OK,10-K,2026-02-17
SOFI,0001818874,2025,,interest_expense,,,MISSING_TAG,,
SOFI,0001818874,2025,2025-12-31,net_income,481320000.0,NetIncomeLoss,OK,10-K,2026-02-17
SOFI,0001818874,2025,2025-12-31,operating_cash_flow,-3742458000.0,NetCashProvidedByUsedInOperatingActivities,OK,10-K,2026-02-17
SOFI,0001818874,2025,2025-12-31,receivables,1516736000.0,FinancingReceivableExcludingAccruedInterestAfterAllowanceForCreditLoss,FALLBACK_FinancingReceivableExcludingAccruedInterestAfterAllowanceForCreditLoss,10-K,2026-02-17
SOFI,0001818874,2025,2025-12-31,retained_earnings,-824278000.0,RetainedEarningsAccumulatedDeficit,OK,10-K,2026-02-17
SOFI,0001818874,2025,2025-12-31,revenue,619353000.0,RevenueFromContractWithCustomerExcludingAssessedTax,FALLBACK_RevenueFromContractWithCustomerExcludingAssessedTax,10-K,2026-02-17
SOFI,0001818874,2025,2025-12-31,shareholders_equity,10489495000.0,StockholdersEquity,OK,10-K,2026-02-17
SOFI,0001818874,2025,2025-12-31,total_assets,50660478000.0,Assets,OK,10-K,2026-02-17
SOFI,0001818874,2025,2025-12-31,total_debt,1815162000.0,DebtLongtermAndShorttermCombinedAmount,FALLBACK_DebtLongtermAndShorttermCombinedAmount,10-K,2026-02-17
SOFI,0001818874,2025,2025-12-31,total_liabilities,40170983000.0,Liabilities,OK,10-K,2026-02-17
SOFI,0001818874,2026,,current_assets,,,MISSING_TAG,,
SOFI,0001818874,2026,,current_liabilities,,,MISSING_TAG,,
SOFI,0001818874,2026,,ebit,,,MISSING_TAG,,
SOFI,0001818874,2026,,gross_profit,,,MISSING_TAG,,
SOFI,0001818874,2026,,income_tax_expense,,,MISSING_TAG,,
SOFI,0001818874,2026,,interest_expense,,,MISSING_TAG,,
SOFI,0001818874,2026,,net_income,,,MISSING_TAG,,
SOFI,0001818874,2026,,operating_cash_flow,,,MISSING_TAG,,
SOFI,0001818874,2026,,receivables,,,MISSING_TAG,,
SOFI,0001818874,2026,,retained_earnings,,,MISSING_TAG,,
SOFI,0001818874,2026,,revenue,,,MISSING_TAG,,
SOFI,0001818874,2026,,shareholders_equity,,,MISSING_TAG,,
SOFI,0001818874,2026,,total_assets,,,MISSING_TAG,,
SOFI,0001818874,2026,,total_debt,,,MISSING_TAG,,
SOFI,0001818874,2026,,total_liabilities,,,MISSING_TAG,,
UPST,0001647639,2021,,current_assets,,,MISSING_TAG,,
UPST,0001647639,2021,,current_liabilities,,,MISSING_TAG,,
UPST,0001647639,2021,2021-12-31,ebit,140881000.0,OperatingIncomeLoss,COMPARATIVE,10-K,2024-02-15
UPST,0001647639,2021,,gross_profit,,,MISSING_TAG,,
UPST,0001647639,2021,2021-12-31,income_tax_expense,-1712000.0,IncomeTaxExpenseBenefit,COMPARATIVE,10-K,2024-02-15
UPST,0001647639,2021,2021-12-31,interest_expense,3274000.0,InterestExpense,COMPARATIVE,10-K,2024-02-15
UPST,0001647639,2021,2021-12-31,net_income,135443000.0,NetIncomeLoss,COMPARATIVE,10-K,2024-02-15
UPST,0001647639,2021,2021-12-31,operating_cash_flow,168353000.0,NetCashProvidedByUsedInOperatingActivities,COMPARATIVE,10-K,2024-02-15
UPST,0001647639,2021,2021-12-31,receivables,252477000.0,NotesReceivableNet,FALLBACK_NotesReceivableNet,10-K,2023-02-16
UPST,0001647639,2021,2021-12-31,retained_earnings,66221000.0,RetainedEarningsAccumulatedDeficit,COMPARATIVE,10-K,2023-02-16
UPST,0001647639,2021,2021-12-31,revenue,848589000.0,Revenues,COMPARATIVE,10-K,2024-02-15
UPST,0001647639,2021,2021-12-31,shareholders_equity,807078000.0,StockholdersEquity,COMPARATIVE,10-K,2025-02-14
UPST,0001647639,2021,2021-12-31,total_assets,1820455000.0,Assets,COMPARATIVE,10-K,2023-02-16
UPST,0001647639,2021,2021-12-31,total_debt,695432000.0,DebtLongtermAndShorttermCombinedAmount,FALLBACK_DebtLongtermAndShorttermCombinedAmount,10-K,2023-02-16
UPST,0001647639,2021,2021-12-31,total_liabilities,1013377000.0,Liabilities,COMPARATIVE,10-K,2023-02-16
UPST,0001647639,2022,,current_assets,,,MISSING_TAG,,
UPST,0001647639,2022,,current_liabilities,,,MISSING_TAG,,
UPST,0001647639,2022,2022-12-31,ebit,-113863000.0,OperatingIncomeLoss,COMPARATIVE,10-K,2025-02-14
UPST,0001647639,2022,,gross_profit,,,MISSING_TAG,,
UPST,0001647639,2022,2022-12-31,income_tax_expense,-409000.0,IncomeTaxExpenseBenefit,COMPARATIVE,10-K,2025-02-14
UPST,0001647639,2022,2022-12-31,interest_expense,10843000.0,InterestExpense,COMPARATIVE,10-K,2024-02-15
UPST,0001647639,2022,2022-12-31,net_income,-108665000.0,NetIncomeLoss,COMPARATIVE,10-K,2025-02-14
UPST,0001647639,2022,2022-12-31,operating_cash_flow,-657860000.0,NetCashProvidedByUsedInOperatingActivities,RESTATED,10-K,2025-02-14
UPST,0001647639,2022,2022-12-31,receivables,1010421000.0,NotesReceivableNet,FALLBACK_NotesReceivableNet,10-K,2024-02-15
UPST,0001647639,2022,2022-12-31,retained_earnings,-42444000.0,RetainedEarningsAccumulatedDeficit,COMPARATIVE,10-K,2024-02-15
UPST,0001647639,2022,2022-12-31,revenue,842444000.0,Revenues,COMPARATIVE,10-K,2025-02-14
UPST,0001647639,2022,2022-12-31,shareholders_equity,672435000.0,StockholdersEquity,COMPARATIVE,10-K,2026-02-10
UPST,0001647639,2022,2022-12-31,total_assets,1936054000.0,Assets,COMPARATIVE,10-K,2024-02-15
UPST,0001647639,2022,2022-12-31,total_debt,986394000.0,DebtLongtermAndShorttermCombinedAmount,FALLBACK_DebtLongtermAndShorttermCombinedAmount,10-K,2024-02-15
UPST,0001647639,2022,2022-12-31,total_liabilities,1263619000.0,Liabilities,COMPARATIVE,10-K,2024-02-15
UPST,0001647639,2023,,current_assets,,,MISSING_TAG,,
UPST,0001647639,2023,,current_liabilities,,,MISSING_TAG,,
UPST,0001647639,2023,2023-12-31,ebit,-256525000.0,OperatingIncomeLoss,COMPARATIVE,10-K,2026-02-10
UPST,0001647639,2023,,gross_profit,,,MISSING_TAG,,
UPST,0001647639,2023,2023-12-31,income_tax_expense,107000.0,IncomeTaxExpenseBenefit,COMPARATIVE,10-K,2026-02-10
UPST,0001647639,2023,2023-12-31,interest_expense,34894000.0,InterestExpense,OK,10-K,2024-02-15
UPST,0001647639,2023,2023-12-31,net_income,-240132000.0,NetIncomeLoss,COMPARATIVE,10-K,2026-02-10
UPST,0001647639,2023,2023-12-31,operating_cash_flow,-111712000.0,NetCashProvidedByUsedInOperatingActivities,RESTATED,10-K,2026-02-10
UPST,0001647639,2023,2023-12-31,receivables,1156413000.0,NotesReceivableNet,FALLBACK_NotesReceivableNet,10-K,2025-02-14
UPST,0001647639,2023,2023-12-31,retained_earnings,-282576000.0,RetainedEarningsAccumulatedDeficit,COMPARATIVE,10-K,2025-02-14
UPST,0001647639,2023,2023-12-31,revenue,513562000.0,Revenues,FALLBACK_Revenues,10-K,2026-02-10
UPST,0001647639,2023,2023-12-31,shareholders_equity,635305000.0,StockholdersEquity,COMPARATIVE,10-K,2026-02-10
UPST,0001647639,2023,2023-12-31,total_assets,2017100000.0,Assets,COMPARATIVE,10-K,2025-02-14
UPST,0001647639,2023,2023-12-31,total_debt,1040424000.0,DebtLongtermAndShorttermCombinedAmount,FALLBACK_DebtLongtermAndShorttermCombinedAmount,10-K,2025-02-14
UPST,0001647639,2023,2023-12-31,total_liabilities,1381795000.0,Liabilities,COMPARATIVE,10-K,2025-02-14
UPST,0001647639,2024,,current_assets,,,MISSING_TAG,,
UPST,0001647639,2024,,current_liabilities,,,MISSING_TAG,,
UPST,0001647639,2024,2024-12-31,ebit,-172856000.0,OperatingIncomeLoss,COMPARATIVE,10-K,2026-02-10
UPST,0001647639,2024,,gross_profit,,,MISSING_TAG,,
UPST,0001647639,2024,2024-12-31,income_tax_expense,185000.0,IncomeTaxExpenseBenefit,COMPARATIVE,10-K,2026-02-10
UPST,0001647639,2024,,interest_expense,,,MISSING_TAG,,
UPST,0001647639,2024,2024-12-31,net_income,-128581000.0,NetIncomeLoss,COMPARATIVE,10-K,2026-02-10
UPST,0001647639,2024,2024-12-31,operating_cash_flow,186331000.0,NetCashProvidedByUsedInOperatingActivities,COMPARATIVE,10-K,2026-02-10
UPST,0001647639,2024,2024-12-31,receivables,806304000.0,NotesReceivableNet,FALLBACK_NotesReceivableNet,10-K,2026-02-10
UPST,0001647639,2024,2024-12-31,retained_earnings,-411157000.0,RetainedEarningsAccumulatedDeficit,COMPARATIVE,10-K,2026-02-10
UPST,0001647639,2024,2024-12-31,revenue,636528000.0,Revenues,COMPARATIVE,10-K,2026-02-10
UPST,0001647639,2024,2024-12-31,shareholders_equity,633218000.0,StockholdersEquity,COMPARATIVE,10-K,2026-02-10
UPST,0001647639,2024,2024-12-31,total_assets,2366958000.0,Assets,COMPARATIVE,10-K,2026-02-10
UPST,0001647639,2024,2024-12-31,total_debt,1402168000.0,DebtLongtermAndShorttermCombinedAmount,FALLBACK_DebtLongtermAndShorttermCombinedAmount,10-K,2026-02-10
UPST,0001647639,2024,2024-12-31,total_liabilities,1733740000.0,Liabilities,COMPARATIVE,10-K,2026-02-10
UPST,0001647639,2025,,current_assets,,,MISSING_TAG,,
UPST,0001647639,2025,,current_liabilities,,,MISSING_TAG,,
UPST,0001647639,2025,2025-12-31,ebit,42631000.0,OperatingIncomeLoss,OK,10-K,2026-02-10
UPST,0001647639,2025,,gross_profit,,,MISSING_TAG,,
UPST,0001647639,2025,2025-12-31,income_tax_expense,728000.0,IncomeTaxExpenseBenefit,OK,10-K,2026-02-10
UPST,0001647639,2025,,interest_expense,,,MISSING_TAG,,
UPST,0001647639,2025,2025-12-31,net_income,53601000.0,NetIncomeLoss,OK,10-K,2026-02-10
UPST,0001647639,2025,2025-12-31,operating_cash_flow,-147725000.0,NetCashProvidedByUsedInOperatingActivities,OK,10-K,2026-02-10
UPST,0001647639,2025,2025-12-31,receivables,984552000.0,NotesReceivableNet,FALLBACK_NotesReceivableNet,10-K,2026-02-10
UPST,0001647639,2025,2025-12-31,retained_earnings,-357556000.0,RetainedEarningsAccumulatedDeficit,OK,10-K,2026-02-10
UPST,0001647639,2025,2025-12-31,revenue,1043857000.0,Revenues,OK,10-K,2026-02-10
UPST,0001647639,2025,2025-12-31,shareholders_equity,798815000.0,StockholdersEquity,OK,10-K,2026-02-10
UPST,0001647639,2025,2025-12-31,total_assets,2974805000.0,Assets,OK,10-K,2026-02-10
UPST,0001647639,2025,2025-12-31,total_debt,1829145000.0,DebtLongtermAndShorttermCombinedAmount,FALLBACK_DebtLongtermAndShorttermCombinedAmount,10-K,2026-02-10
UPST,0001647639,2025,2025-12-31,total_liabilities,2175990000.0,Liabilities,OK,10-K,2026-02-10
UPST,0001647639,2026,,current_assets,,,MISSING_TAG,,
UPST,0001647639,2026,,current_liabilities,,,MISSING_TAG,,
UPST,0001647639,2026,,ebit,,,MISSING_TAG,,
UPST,0001647639,2026,,gross_profit,,,MISSING_TAG,,
UPST,0001647639,2026,,income_tax_expense,,,MISSING_TAG,,
UPST,0001647639,2026,,interest_expense,,,MISSING_TAG,,
UPST,0001647639,2026,,net_income,,,MISSING_TAG,,
UPST,0001647639,2026,,operating_cash_flow,,,MISSING_TAG,,
UPST,0001647639,2026,,receivables,,,MISSING_TAG,,
UPST,0001647639,2026,,retained_earnings,,,MISSING_TAG,,
UPST,0001647639,2026,,revenue,,,MISSING_TAG,,
UPST,0001647639,2026,,shareholders_equity,,,MISSING_TAG,,
UPST,0001647639,2026,,total_assets,,,MISSING_TAG,,
UPST,0001647639,2026,,total_debt,,,MISSING_TAG,,
UPST,0001647639,2026,,total_liabilities,,,MISSING_TAG,,
