Ticker,Company_Name,CIK,Subsector,Calendar_Year,Fiscal_Period_End,Revenue_M,Net_Income_M,Operating_Cash_Flow_M,Total_Assets_M,Total_Liabilities_M,Shareholders_Equity_M,Total_Debt_M,Cash_And_Equivalents_M,EBIT_M,Interest_Expense_M,Receivables_M,Retained_Earnings_M,ROE_Pct,ROA_Pct,Net_Margin_Pct,Debt_To_Equity_Mult,Interest_Coverage_Mult,Asset_Turnover_Mult,Receivables_Turnover_Mult,Adapted_Altman_Z_Score,Altman_Z_Classification,Altman_Z_Methodology,Adapted_Beneish_M_Score,Beneish_M_Classification,Beneish_M_Methodology,Accruals_Ratio,Accruals_Classification,Accruals_Methodology,Growth_Divergence_Pct,Growth_Divergence_Classification,Close_Price,Shares_Outstanding_M,Market_Cap_M,PS_Multiple,PB_Multiple,PE_Multiple,Is_Pre_IPO,Restated_Fact_Count,Comparative_Fact_Count,Missing_Tag_Count,Data_Quality_Summary
AFRM,"Affirm Holdings, Inc.",0001820953,Buy Now Pay Later (BNPL),2021,2021-06-30,870.46,-441.03,-193.13,4866.97,2291.44,2575.53,1176.67,,-383.67,52.7,1904.56,-898.49,-17.12,-9.06,-50.67,0.46,-7.28,0.179,0.46,4.78,SAFE_ZONE,Adapted Z-Score (Cash/TA substitution for unclassified balance sheets),,INSUFFICIENT_HISTORY,Adapted M-Score (ex-GMI financial institution adjustment),-0.051,NORMAL_ACCRUALS,Sloan Accruals: (Net Income - Operating Cash Flow) / Total Assets,,INSUFFICIENT_HISTORY,66.46,273.21,18157.8,20.86,7.05,,0.0,5,4,3,5 facts restated (10-K/A); 4 comparative facts; 3 missing tags
AFRM,"Affirm Holdings, Inc.",0001820953,Buy Now Pay Later (BNPL),2022,2022-06-30,1349.29,-707.42,-162.19,6973.79,4355.54,2618.26,1627.58,,-866.05,69.69,2348.17,-1605.9,-27.02,-10.14,-52.43,0.62,-12.43,0.193,0.57,0.43,DISTRESS_ZONE,Adapted Z-Score (Cash/TA substitution for unclassified balance sheets),-2.65,LOW_MANIPULATION_RISK,Adapted M-Score (ex-GMI financial institution adjustment),-0.078,NORMAL_ACCRUALS,Sloan Accruals: (Net Income - Operating Cash Flow) / Total Assets,-0.32,RAPID_TURNOVER_EXPANSION,19.02,286.43,5447.9,4.04,2.08,,0.0,0,9,3,9 comparative facts; 3 missing tags
AFRM,"Affirm Holdings, Inc.",0001820953,Buy Now Pay Later (BNPL),2023,2023-06-30,1587.99,-985.35,12.18,8155.62,5621.43,2534.18,2165.58,,-1200.86,183.01,4198.43,-2591.25,-38.88,-12.08,-62.05,0.85,-6.56,0.195,0.38,-0.12,DISTRESS_ZONE,Adapted Z-Score (Cash/TA substitution for unclassified balance sheets),-2.5,LOW_MANIPULATION_RISK,Adapted M-Score (ex-GMI financial institution adjustment),-0.122,STRONG_CASH_CONVERSION,Sloan Accruals: (Net Income - Operating Cash Flow) / Total Assets,0.61,WARNING_RECEIVABLES_SURGE,15.38,296.85,4565.49,2.88,1.8,,0.0,0,9,3,9 comparative facts; 3 missing tags
AFRM,"Affirm Holdings, Inc.",0001820953,Buy Now Pay Later (BNPL),2024,2024-06-30,2323.0,-517.76,450.14,9519.62,6787.63,2731.99,1836.91,,-615.85,344.25,5360.96,-3109.0,-18.95,-5.44,-22.29,0.67,-1.79,0.244,0.43,0.53,DISTRESS_ZONE,Adapted Z-Score (Cash/TA substitution for unclassified balance sheets),-2.76,LOW_MANIPULATION_RISK,Adapted M-Score (ex-GMI financial institution adjustment),-0.102,STRONG_CASH_CONVERSION,Sloan Accruals: (Net Income - Operating Cash Flow) / Total Assets,-0.19,NORMAL_ALIGNED,30.21,309.12,9338.67,4.02,3.42,,0.0,0,9,3,9 comparative facts; 3 missing tags
AFRM,"Affirm Holdings, Inc.",0001820953,Buy Now Pay Later (BNPL),2025,2025-06-30,3224.41,52.19,793.91,11154.93,8085.92,3069.01,7609.66,,-87.27,425.45,6628.61,-3056.82,1.7,0.47,1.62,2.48,-0.21,0.289,0.49,1.65,DISTRESS_ZONE,Adapted Z-Score (Cash/TA substitution for unclassified balance sheets),-2.67,LOW_MANIPULATION_RISK,Adapted M-Score (ex-GMI financial institution adjustment),-0.066,NORMAL_ACCRUALS,Sloan Accruals: (Net Income - Operating Cash Flow) / Total Assets,-0.15,NORMAL_ALIGNED,68.06,322.6,21956.16,6.81,7.15,420.7,0.0,0,9,3,9 comparative facts; 3 missing tags
AFRM,"Affirm Holdings, Inc.",0001820953,Buy Now Pay Later (BNPL),2026,2026-06-30,4261.08,1929.79,1230.97,15790.15,10306.32,5483.82,9794.06,,416.98,454.02,8997.45,-1127.03,35.19,12.22,45.29,1.79,0.92,0.27,0.47,1.98,GREY_ZONE,Adapted Z-Score (Cash/TA substitution for unclassified balance sheets),-2.16,LOW_MANIPULATION_RISK,Adapted M-Score (ex-GMI financial institution adjustment),0.044,NORMAL_ACCRUALS,Sloan Accruals: (Net Income - Operating Cash Flow) / Total Assets,0.04,NORMAL_ALIGNED,81.79,334.9,27391.35,6.43,4.99,14.19,0.0,0,0,3,3 missing tags
ENVA,"Enova International, Inc.",0001529864,Digital Subprime & SMB Lending,2021,2021-12-31,1207.93,256.3,471.87,2761.48,1668.43,1093.05,1384.4,,413.06,76.51,,1105.76,23.45,9.28,21.22,1.27,5.4,0.437,,2.06,GREY_ZONE,Adapted Z-Score (Cash/TA substitution for unclassified balance sheets),,INSUFFICIENT_HISTORY,Adapted M-Score (ex-GMI financial institution adjustment),-0.078,NORMAL_ACCRUALS,Sloan Accruals: (Net Income - Operating Cash Flow) / Total Assets,,NOT_APPLICABLE,40.55,34.14,1384.54,1.15,1.27,5.4,0.0,0,12,3,12 comparative facts; 3 missing tags
ENVA,"Enova International, Inc.",0001529864,Digital Subprime & SMB Lending,2022,2022-12-31,1736.09,207.42,894.0,3780.89,2594.74,1186.15,2258.66,,383.99,115.89,,1313.19,17.49,5.49,11.95,1.9,3.31,0.459,,1.59,DISTRESS_ZONE,Adapted Z-Score (Cash/TA substitution for unclassified balance sheets),-2.99,LOW_MANIPULATION_RISK,Adapted M-Score (ex-GMI financial institution adjustment),-0.182,STRONG_CASH_CONVERSION,Sloan Accruals: (Net Income - Operating Cash Flow) / Total Assets,,NOT_APPLICABLE,38.37,31.55,1210.64,0.7,1.02,5.84,0.0,0,12,3,12 comparative facts; 3 missing tags
ENVA,"Enova International, Inc.",0001529864,Digital Subprime & SMB Lending,2023,2023-12-31,2117.64,175.12,1166.87,4585.54,3345.35,1240.18,2943.81,,422.14,194.78,,1488.31,14.12,3.82,8.27,2.37,2.17,0.462,,1.51,DISTRESS_ZONE,Adapted Z-Score (Cash/TA substitution for unclassified balance sheets),-3.32,LOW_MANIPULATION_RISK,Adapted M-Score (ex-GMI financial institution adjustment),-0.216,STRONG_CASH_CONVERSION,Sloan Accruals: (Net Income - Operating Cash Flow) / Total Assets,,NOT_APPLICABLE,55.36,28.18,1559.79,0.74,1.26,8.91,0.0,0,12,3,12 comparative facts; 3 missing tags
ENVA,"Enova International, Inc.",0001529864,Digital Subprime & SMB Lending,2024,2024-12-31,2657.8,209.45,1538.58,5266.13,4069.21,1196.92,3563.48,,584.76,290.44,,1697.75,17.5,3.98,7.88,2.98,2.01,0.505,,1.71,DISTRESS_ZONE,Adapted Z-Score (Cash/TA substitution for unclassified balance sheets),-3.44,LOW_MANIPULATION_RISK,Adapted M-Score (ex-GMI financial institution adjustment),-0.252,STRONG_CASH_CONVERSION,Sloan Accruals: (Net Income - Operating Cash Flow) / Total Assets,,NOT_APPLICABLE,96.94,25.79,2500.43,0.94,2.09,11.94,0.0,0,12,3,12 comparative facts; 3 missing tags
ENVA,"Enova International, Inc.",0001529864,Digital Subprime & SMB Lending,2025,2025-12-31,3151.65,308.39,1819.12,6468.43,5131.71,1336.72,4498.38,,739.43,339.31,,2006.14,23.07,4.77,9.78,3.37,2.18,0.487,,1.77,DISTRESS_ZONE,Adapted Z-Score (Cash/TA substitution for unclassified balance sheets),-3.42,LOW_MANIPULATION_RISK,Adapted M-Score (ex-GMI financial institution adjustment),-0.234,STRONG_CASH_CONVERSION,Sloan Accruals: (Net Income - Operating Cash Flow) / Total Assets,,NOT_APPLICABLE,159.46,24.72,3942.62,1.25,2.95,12.78,0.0,0,0,3,3 missing tags
ENVA,"Enova International, Inc.",0001529864,Digital Subprime & SMB Lending,2026,,,,,,,,,,,,,,,,,,,,,,MISSING_DATA,Adapted Z-Score (Cash/TA substitution for unclassified balance sheets),,MISSING_DATA,Adapted M-Score (ex-GMI financial institution adjustment),,MISSING_DATA,Sloan Accruals: (Net Income - Operating Cash Flow) / Total Assets,,NOT_APPLICABLE,,,,,,,,0,0,15,15 missing tags
LC,LendingClub Corporation,0001409970,Digital Banking & Personal Loans,2021,2021-12-31,292.83,18.58,239.87,4900.32,4050.08,850.24,,,,80.0,2754.74,-717.43,2.19,0.38,6.34,,1.23,0.06,0.11,0.34,DISTRESS_ZONE,Adapted Z-Score (Cash/TA substitution for unclassified balance sheets),,INSUFFICIENT_HISTORY,Adapted M-Score (ex-GMI financial institution adjustment),-0.045,NORMAL_ACCRUALS,Sloan Accruals: (Net Income - Operating Cash Flow) / Total Assets,,INSUFFICIENT_HISTORY,24.48,115.35,2823.79,9.64,3.32,151.98,0.0,1,6,5,1 facts restated (10-K/A); 6 comparative facts; 5 missing tags
LC,LendingClub Corporation,0001409970,Digital Banking & Personal Loans,2022,2022-12-31,557.34,289.69,375.57,7979.75,6815.45,1164.29,,,,82.52,4705.3,-427.75,24.88,3.63,51.98,,2.85,0.07,0.12,0.18,DISTRESS_ZONE,Adapted Z-Score (Cash/TA substitution for unclassified balance sheets),-1.98,LOW_MANIPULATION_RISK,Adapted M-Score (ex-GMI financial institution adjustment),-0.011,NORMAL_ACCRUALS,Sloan Accruals: (Net Income - Operating Cash Flow) / Total Assets,-0.2,NORMAL_ALIGNED,8.8,115.35,1015.09,1.82,0.87,3.5,0.0,0,8,5,8 comparative facts; 5 missing tags
LC,LendingClub Corporation,0001409970,Digital Banking & Personal Loans,2023,2023-12-31,832.63,38.94,-1136.6,8827.46,7575.64,1251.82,19.35,,,270.79,4539.92,-388.81,3.11,0.44,4.68,0.02,1.2,0.094,0.18,0.23,DISTRESS_ZONE,Adapted Z-Score (Cash/TA substitution for unclassified balance sheets),-2.0,LOW_MANIPULATION_RISK,Adapted M-Score (ex-GMI financial institution adjustment),0.133,HIGH_ACCRUALS_RISK,Sloan Accruals: (Net Income - Operating Cash Flow) / Total Assets,-0.53,RAPID_TURNOVER_EXPANSION,8.74,115.35,1008.17,1.21,0.81,25.89,0.0,0,8,4,8 comparative facts; 4 missing tags
LC,LendingClub Corporation,0001409970,Digital Banking & Personal Loans,2024,2024-12-31,907.96,51.33,-2634.17,10630.51,9288.78,1341.73,0.0,,,373.92,3889.08,-337.48,3.83,0.48,5.65,0.0,1.17,0.085,0.23,0.3,DISTRESS_ZONE,Adapted Z-Score (Cash/TA substitution for unclassified balance sheets),-1.74,ELEVATED_MANIPULATION_RISK,Adapted M-Score (ex-GMI financial institution adjustment),0.253,HIGH_ACCRUALS_RISK,Sloan Accruals: (Net Income - Operating Cash Flow) / Total Assets,-0.23,RAPID_TURNOVER_EXPANSION,16.41,115.35,1892.91,2.08,1.41,36.88,0.0,0,8,4,8 comparative facts; 4 missing tags
LC,LendingClub Corporation,0001409970,Digital Banking & Personal Loans,2025,2025-12-31,961.54,135.68,-2726.94,11567.82,10067.39,1500.43,0.0,,,335.87,3997.07,-201.8,9.04,1.17,14.11,0.0,1.53,0.083,0.24,0.34,DISTRESS_ZONE,Adapted Z-Score (Cash/TA substitution for unclassified balance sheets),-1.62,ELEVATED_MANIPULATION_RISK,Adapted M-Score (ex-GMI financial institution adjustment),0.247,HIGH_ACCRUALS_RISK,Sloan Accruals: (Net Income - Operating Cash Flow) / Total Assets,-0.03,NORMAL_ALIGNED,19.26,115.35,2221.66,2.31,1.48,16.37,0.0,0,0,4,4 missing tags
LC,LendingClub Corporation,0001409970,Digital Banking & Personal Loans,2026,,,,,,,,,,,,,,,,,,,,,,MISSING_DATA,Adapted Z-Score (Cash/TA substitution for unclassified balance sheets),,MISSING_DATA,Adapted M-Score (ex-GMI financial institution adjustment),,MISSING_DATA,Sloan Accruals: (Net Income - Operating Cash Flow) / Total Assets,,MISSING_DATA,,,,,,,,0,0,15,15 missing tags
OMF,"OneMain Holdings, Inc.",0001584207,Installment Lending Franchise,2021,2021-12-31,4364.0,1314.0,2247.0,22095.0,18986.0,3037.0,17750.0,,,937.0,16356.0,1727.0,43.27,5.95,30.11,5.84,2.86,0.198,0.27,0.94,DISTRESS_ZONE,Adapted Z-Score (Cash/TA substitution for unclassified balance sheets),,INSUFFICIENT_HISTORY,Adapted M-Score (ex-GMI financial institution adjustment),-0.042,NORMAL_ACCRUALS,Sloan Accruals: (Net Income - Operating Cash Flow) / Total Assets,,INSUFFICIENT_HISTORY,50.25,127.46,6404.81,1.47,2.11,4.87,0.0,2,6,4,2 facts restated (10-K/A); 6 comparative facts; 4 missing tags
OMF,"OneMain Holdings, Inc.",0001584207,Installment Lending Franchise,2022,2022-12-31,4435.0,872.0,2387.0,22537.0,19522.0,3015.0,18281.0,,,892.0,16926.0,2119.0,28.92,3.87,19.66,6.06,2.29,0.197,0.26,0.78,DISTRESS_ZONE,Adapted Z-Score (Cash/TA substitution for unclassified balance sheets),-2.89,LOW_MANIPULATION_RISK,Adapted M-Score (ex-GMI financial institution adjustment),-0.067,NORMAL_ACCRUALS,Sloan Accruals: (Net Income - Operating Cash Flow) / Total Assets,0.02,NORMAL_ALIGNED,33.31,120.81,4024.25,0.91,1.33,4.61,0.0,6,2,4,6 facts restated (10-K/A); 2 comparative facts; 4 missing tags
OMF,"OneMain Holdings, Inc.",0001584207,Installment Lending Franchise,2023,2023-12-31,4564.0,641.0,2519.0,24294.0,21108.0,3186.0,19813.0,,,1019.0,18098.0,2285.0,20.12,2.64,14.04,6.22,1.82,0.188,0.25,0.79,DISTRESS_ZONE,Adapted Z-Score (Cash/TA substitution for unclassified balance sheets),-2.9,LOW_MANIPULATION_RISK,Adapted M-Score (ex-GMI financial institution adjustment),-0.077,NORMAL_ACCRUALS,Sloan Accruals: (Net Income - Operating Cash Flow) / Total Assets,0.04,NORMAL_ALIGNED,49.2,119.77,5892.49,1.29,1.85,9.19,0.0,0,8,4,8 comparative facts; 4 missing tags
OMF,"OneMain Holdings, Inc.",0001584207,Installment Lending Franchise,2024,2024-12-31,4993.0,509.0,2699.0,25910.0,22719.0,3191.0,21438.0,,,1185.0,20083.0,2296.0,15.95,1.96,10.19,6.72,1.56,0.193,0.25,0.74,DISTRESS_ZONE,Adapted Z-Score (Cash/TA substitution for unclassified balance sheets),-2.89,LOW_MANIPULATION_RISK,Adapted M-Score (ex-GMI financial institution adjustment),-0.085,NORMAL_ACCRUALS,Sloan Accruals: (Net Income - Operating Cash Flow) / Total Assets,0.02,NORMAL_ALIGNED,52.24,119.37,6235.78,1.25,1.95,12.25,0.0,0,8,4,8 comparative facts; 4 missing tags
OMF,"OneMain Holdings, Inc.",0001584207,Installment Lending Franchise,2025,2025-12-31,5455.0,783.0,3132.0,27388.0,23987.0,3401.0,22694.0,,,1272.0,21177.0,2579.0,23.02,2.86,14.35,6.67,1.79,0.199,0.26,0.84,DISTRESS_ZONE,Adapted Z-Score (Cash/TA substitution for unclassified balance sheets),-2.94,LOW_MANIPULATION_RISK,Adapted M-Score (ex-GMI financial institution adjustment),-0.086,NORMAL_ACCRUALS,Sloan Accruals: (Net Income - Operating Cash Flow) / Total Assets,-0.04,NORMAL_ALIGNED,67.96,117.73,8001.06,1.47,2.35,10.22,0.0,0,0,4,4 missing tags
OMF,"OneMain Holdings, Inc.",0001584207,Installment Lending Franchise,2026,,,,,,,,,,,,,,,,,,,,,,MISSING_DATA,Adapted Z-Score (Cash/TA substitution for unclassified balance sheets),,MISSING_DATA,Adapted M-Score (ex-GMI financial institution adjustment),,MISSING_DATA,Sloan Accruals: (Net Income - Operating Cash Flow) / Total Assets,,MISSING_DATA,,,,,,,,0,0,15,15 missing tags
OPRT,Oportun Financial Corporation,0001538716,Community & Subprime Lending,2021,2021-12-31,626.78,47.41,163.45,2946.63,2342.74,603.88,2048.3,,,47.67,,83.85,7.85,1.61,7.56,3.39,2.32,0.213,,0.58,DISTRESS_ZONE,Adapted Z-Score (Cash/TA substitution for unclassified balance sheets),,INSUFFICIENT_HISTORY,Adapted M-Score (ex-GMI financial institution adjustment),-0.039,NORMAL_ACCRUALS,Sloan Accruals: (Net Income - Operating Cash Flow) / Total Assets,,INSUFFICIENT_HISTORY,20.49,28.4,581.99,0.93,0.96,12.28,0.0,0,8,5,8 comparative facts; 5 missing tags
OPRT,Oportun Financial Corporation,0001538716,Community & Subprime Lending,2022,2022-12-31,952.55,-77.74,247.88,3613.7,3066.1,547.6,2899.59,,,93.05,,6.1,-14.2,-2.15,-8.16,5.3,0.19,0.264,,0.35,DISTRESS_ZONE,Adapted Z-Score (Cash/TA substitution for unclassified balance sheets),-2.55,LOW_MANIPULATION_RISK,Adapted M-Score (ex-GMI financial institution adjustment),-0.09,NORMAL_ACCRUALS,Sloan Accruals: (Net Income - Operating Cash Flow) / Total Assets,,MISSING_DATA,5.51,33.19,182.89,0.19,0.33,,0.0,0,8,5,8 comparative facts; 5 missing tags
OPRT,Oportun Financial Corporation,0001538716,Community & Subprime Lending,2023,2023-12-31,1056.92,-179.95,392.77,3411.89,3007.48,404.4,2164.36,,,179.41,,-173.85,-44.5,-5.27,-17.03,5.35,-0.41,0.31,,0.23,DISTRESS_ZONE,Adapted Z-Score (Cash/TA substitution for unclassified balance sheets),-3.23,LOW_MANIPULATION_RISK,Adapted M-Score (ex-GMI financial institution adjustment),-0.168,STRONG_CASH_CONVERSION,Sloan Accruals: (Net Income - Operating Cash Flow) / Total Assets,,MISSING_DATA,3.91,34.23,133.84,0.13,0.33,,0.0,0,8,5,8 comparative facts; 5 missing tags
OPRT,Oportun Financial Corporation,0001538716,Community & Subprime Lending,2024,2024-12-31,1001.78,-78.68,393.52,3227.1,2873.29,353.81,1638.47,,,238.16,,-252.53,-22.24,-2.44,-7.85,4.63,0.52,0.31,,0.38,DISTRESS_ZONE,Adapted Z-Score (Cash/TA substitution for unclassified balance sheets),-3.29,LOW_MANIPULATION_RISK,Adapted M-Score (ex-GMI financial institution adjustment),-0.146,STRONG_CASH_CONVERSION,Sloan Accruals: (Net Income - Operating Cash Flow) / Total Assets,,MISSING_DATA,3.98,36.13,143.81,0.14,0.41,,0.0,0,8,5,8 comparative facts; 5 missing tags
OPRT,Oportun Financial Corporation,0001538716,Community & Subprime Lending,2025,2025-12-31,956.69,25.25,413.41,3257.86,2867.77,390.08,467.68,,,231.5,,-227.29,6.47,0.77,2.64,1.2,1.19,0.294,,0.56,DISTRESS_ZONE,Adapted Z-Score (Cash/TA substitution for unclassified balance sheets),-3.17,LOW_MANIPULATION_RISK,Adapted M-Score (ex-GMI financial institution adjustment),-0.119,STRONG_CASH_CONVERSION,Sloan Accruals: (Net Income - Operating Cash Flow) / Total Assets,,MISSING_DATA,5.35,44.13,236.09,0.25,0.61,9.35,0.0,0,0,5,5 missing tags
OPRT,Oportun Financial Corporation,0001538716,Community & Subprime Lending,2026,,,,,,,,,,,,,,,,,,,,,,MISSING_DATA,Adapted Z-Score (Cash/TA substitution for unclassified balance sheets),,MISSING_DATA,Adapted M-Score (ex-GMI financial institution adjustment),,MISSING_DATA,Sloan Accruals: (Net Income - Operating Cash Flow) / Total Assets,,MISSING_DATA,,,,,,,,0,0,15,15 missing tags
PGY,Pagaya Technologies Ltd.,0001883085,AI Securitization & Partner Network,2021,2021-12-31,474.59,-91.15,49.81,,,177.35,,,-5.81,,,,-51.4,,-19.21,,,,,,MISSING_DATA,Adapted Z-Score (Cash/TA substitution for unclassified balance sheets),,INSUFFICIENT_HISTORY,Adapted M-Score (ex-GMI financial institution adjustment),,MISSING_DATA,Sloan Accruals: (Net Income - Operating Cash Flow) / Total Assets,,NOT_APPLICABLE,118.56,650.62,77137.98,162.54,434.95,,0.0,0,0,9,9 missing tags
PGY,Pagaya Technologies Ltd.,0001883085,AI Securitization & Partner Network,2022,2022-12-31,748.93,-302.32,-40.0,1045.08,279.66,553.52,154.63,,-251.51,,,-414.2,-54.62,-28.93,-40.37,0.28,,0.717,,21.47,SAFE_ZONE,Adapted Z-Score (Cash/TA substitution for unclassified balance sheets),,MISSING_DATA,Adapted M-Score (ex-GMI financial institution adjustment),-0.251,STRONG_CASH_CONVERSION,Sloan Accruals: (Net Income - Operating Cash Flow) / Total Assets,,NOT_APPLICABLE,14.88,681.07,10134.34,13.53,18.31,,0.0,0,5,3,5 comparative facts; 3 missing tags
PGY,Pagaya Technologies Ltd.,0001883085,AI Securitization & Partner Network,2023,2023-12-31,812.05,-128.44,-21.66,1208.38,468.38,559.72,361.71,,-24.4,,,-542.64,-22.95,-10.63,-15.82,0.65,,0.672,,16.07,SAFE_ZONE,Adapted Z-Score (Cash/TA substitution for unclassified balance sheets),-2.92,LOW_MANIPULATION_RISK,Adapted M-Score (ex-GMI financial institution adjustment),-0.088,NORMAL_ACCRUALS,Sloan Accruals: (Net Income - Operating Cash Flow) / Total Assets,,NOT_APPLICABLE,16.56,750.13,12422.09,15.3,22.19,,0.0,5,6,3,5 facts restated (10-K/A); 6 comparative facts; 3 missing tags
PGY,Pagaya Technologies Ltd.,0001883085,AI Securitization & Partner Network,2024,2024-12-31,1032.25,-401.41,47.75,1291.07,775.28,326.49,321.32,,66.84,,,-944.04,-122.95,-31.09,-38.89,0.98,,0.8,,0.66,DISTRESS_ZONE,Adapted Z-Score (Cash/TA substitution for unclassified balance sheets),-3.79,LOW_MANIPULATION_RISK,Adapted M-Score (ex-GMI financial institution adjustment),-0.348,STRONG_CASH_CONVERSION,Sloan Accruals: (Net Income - Operating Cash Flow) / Total Assets,,NOT_APPLICABLE,9.51,73.66,700.46,0.68,2.15,,0.0,9,0,3,9 facts restated (10-K/A); 3 missing tags
PGY,Pagaya Technologies Ltd.,0001883085,AI Securitization & Partner Network,2025,2025-12-31,1301.36,81.39,238.62,1545.91,960.46,480.02,193.89,,263.83,,,-862.65,16.96,5.26,6.25,0.4,,0.842,,1.87,GREY_ZONE,Adapted Z-Score (Cash/TA substitution for unclassified balance sheets),-2.83,LOW_MANIPULATION_RISK,Adapted M-Score (ex-GMI financial institution adjustment),-0.102,STRONG_CASH_CONVERSION,Sloan Accruals: (Net Income - Operating Cash Flow) / Total Assets,,NOT_APPLICABLE,21.19,80.4,1703.59,1.31,3.55,20.93,0.0,10,0,5,10 facts restated (10-K/A); 5 missing tags
PGY,Pagaya Technologies Ltd.,0001883085,AI Securitization & Partner Network,2026,,,,,,,,,,,,,,,,,,,,,,MISSING_DATA,Adapted Z-Score (Cash/TA substitution for unclassified balance sheets),,MISSING_DATA,Adapted M-Score (ex-GMI financial institution adjustment),,MISSING_DATA,Sloan Accruals: (Net Income - Operating Cash Flow) / Total Assets,,NOT_APPLICABLE,,,,,,,,0,0,15,15 missing tags
SEZL,Sezzle Inc.,0001662991,Buy Now Pay Later (BNPL),2021,2021-12-31,114.82,-75.17,-72.13,223.4,185.61,37.79,77.71,,-68.68,5.27,133.99,-127.4,-198.9,-33.65,-65.47,2.06,-13.03,0.514,0.86,,PRE_IPO_UNAVAILABLE,Adapted Z-Score (Cash/TA substitution for unclassified balance sheets),,INSUFFICIENT_HISTORY,Adapted M-Score (ex-GMI financial institution adjustment),-0.014,NORMAL_ACCRUALS,Sloan Accruals: (Net Income - Operating Cash Flow) / Total Assets,,INSUFFICIENT_HISTORY,,,,,,,1.0,0,12,1,12 comparative facts; 1 missing tags; Pre-IPO period
SEZL,Sezzle Inc.,0001662991,Buy Now Pay Later (BNPL),2022,2022-12-31,125.57,-38.09,8.51,172.58,163.73,8.84,63.78,,-28.43,8.6,93.36,-165.5,-430.77,-22.07,-30.34,7.21,-3.31,0.728,1.35,,PRE_IPO_UNAVAILABLE,Adapted Z-Score (Cash/TA substitution for unclassified balance sheets),-3.98,LOW_MANIPULATION_RISK,Adapted M-Score (ex-GMI financial institution adjustment),-0.27,STRONG_CASH_CONVERSION,Sloan Accruals: (Net Income - Operating Cash Flow) / Total Assets,-0.4,RAPID_TURNOVER_EXPANSION,,,,,,,1.0,0,12,1,12 comparative facts; 1 missing tags; Pre-IPO period
SEZL,Sezzle Inc.,0001662991,Buy Now Pay Later (BNPL),2023,2023-12-31,159.36,7.1,-25.69,212.65,190.55,22.09,0.0,,22.2,15.97,,-157.52,32.13,3.34,4.45,0.0,1.39,0.749,,0.5,DISTRESS_ZONE,Adapted Z-Score (Cash/TA substitution for unclassified balance sheets),-1.79,LOW_MANIPULATION_RISK,Adapted M-Score (ex-GMI financial institution adjustment),0.154,HIGH_ACCRUALS_RISK,Sloan Accruals: (Net Income - Operating Cash Flow) / Total Assets,,MISSING_DATA,3.42,5.7,19.48,0.12,0.88,2.74,0.0,1,10,2,1 facts restated (10-K/A); 10 comparative facts; 2 missing tags
SEZL,Sezzle Inc.,0001662991,Buy Now Pay Later (BNPL),2024,2024-12-31,271.13,78.52,130.65,298.37,210.54,87.84,103.99,,82.25,,,-89.78,89.4,26.32,28.96,1.18,,0.909,,2.37,GREY_ZONE,Adapted Z-Score (Cash/TA substitution for unclassified balance sheets),-2.73,LOW_MANIPULATION_RISK,Adapted M-Score (ex-GMI financial institution adjustment),-0.175,STRONG_CASH_CONVERSION,Sloan Accruals: (Net Income - Operating Cash Flow) / Total Assets,,MISSING_DATA,42.5,5.62,238.96,0.88,2.72,3.04,0.0,12,0,3,12 facts restated (10-K/A); 3 missing tags
SEZL,Sezzle Inc.,0001662991,Buy Now Pay Later (BNPL),2025,2025-12-31,450.28,133.13,209.91,400.23,230.42,169.81,139.99,,176.79,,,-0.32,78.4,33.26,29.57,0.82,,1.125,,8.55,SAFE_ZONE,Adapted Z-Score (Cash/TA substitution for unclassified balance sheets),-2.84,LOW_MANIPULATION_RISK,Adapted M-Score (ex-GMI financial institution adjustment),-0.192,STRONG_CASH_CONVERSION,Sloan Accruals: (Net Income - Operating Cash Flow) / Total Assets,,MISSING_DATA,65.01,34.15,2220.29,4.93,13.08,16.68,0.0,0,0,3,3 missing tags
SEZL,Sezzle Inc.,0001662991,Buy Now Pay Later (BNPL),2026,,,,,,,,,,,,,,,,,,,,,,MISSING_DATA,Adapted Z-Score (Cash/TA substitution for unclassified balance sheets),,MISSING_DATA,Adapted M-Score (ex-GMI financial institution adjustment),,MISSING_DATA,Sloan Accruals: (Net Income - Operating Cash Flow) / Total Assets,,MISSING_DATA,,,,,,,,0,0,15,15 missing tags
SOFI,"SoFi Technologies, Inc.",0001818874,Digital Banking & Consumer Credit,2021,2021-12-31,247.72,-483.94,-1350.22,9176.33,4478.62,4377.33,3947.98,,,102.78,115.91,-1183.11,-11.06,-5.27,-195.36,0.9,-3.68,0.027,2.14,1.48,DISTRESS_ZONE,Adapted Z-Score (Cash/TA substitution for unclassified balance sheets),,INSUFFICIENT_HISTORY,Adapted M-Score (ex-GMI financial institution adjustment),0.094,ELEVATED_ACCRUALS,Sloan Accruals: (Net Income - Operating Cash Flow) / Total Assets,,INSUFFICIENT_HISTORY,15.95,799.63,12754.1,51.49,2.91,,0.0,1,9,4,1 facts restated (10-K/A); 9 comparative facts; 4 missing tags
SOFI,"SoFi Technologies, Inc.",0001818874,Digital Banking & Consumer Credit,2022,2022-12-31,377.1,-320.41,-7255.86,19007.68,13479.2,5208.1,5485.88,,,189.28,307.96,-1503.52,-6.15,-1.69,-84.97,1.05,-0.68,0.02,1.22,0.14,DISTRESS_ZONE,Adapted Z-Score (Cash/TA substitution for unclassified balance sheets),-0.01,ELEVATED_MANIPULATION_RISK,Adapted M-Score (ex-GMI financial institution adjustment),0.365,HIGH_ACCRUALS_RISK,Sloan Accruals: (Net Income - Operating Cash Flow) / Total Assets,1.13,WARNING_RECEIVABLES_SURGE,4.61,799.63,3686.29,9.78,0.71,,0.0,0,8,4,8 comparative facts; 4 missing tags
SOFI,"SoFi Technologies, Inc.",0001818874,Digital Banking & Consumer Credit,2023,2023-12-31,421.45,-300.74,-7227.14,30074.86,24519.87,5234.61,5233.42,,,789.33,836.16,-1804.26,-5.75,-1.0,-71.36,1.0,0.62,0.014,0.5,0.34,DISTRESS_ZONE,Adapted Z-Score (Cash/TA substitution for unclassified balance sheets),-0.29,ELEVATED_MANIPULATION_RISK,Adapted M-Score (ex-GMI financial institution adjustment),0.23,HIGH_ACCRUALS_RISK,Sloan Accruals: (Net Income - Operating Cash Flow) / Total Assets,1.6,WARNING_RECEIVABLES_SURGE,9.95,975.86,9709.83,23.04,1.85,,0.0,0,7,4,7 comparative facts; 4 missing tags
SOFI,"SoFi Technologies, Inc.",0001818874,Digital Banking & Consumer Credit,2024,2024-12-31,503.12,498.67,-1119.81,36250.95,29725.82,6525.13,3092.69,,,,1246.46,-1305.6,7.64,1.38,99.11,0.47,,0.014,0.4,0.41,DISTRESS_ZONE,Adapted Z-Score (Cash/TA substitution for unclassified balance sheets),-2.07,LOW_MANIPULATION_RISK,Adapted M-Score (ex-GMI financial institution adjustment),0.045,NORMAL_ACCRUALS,Sloan Accruals: (Net Income - Operating Cash Flow) / Total Assets,0.3,WARNING_RECEIVABLES_SURGE,15.63,1096.54,17138.92,34.07,2.63,34.37,0.0,0,7,5,7 comparative facts; 5 missing tags
SOFI,"SoFi Technologies, Inc.",0001818874,Digital Banking & Consumer Credit,2025,2025-12-31,619.35,481.32,-3742.46,50660.48,40170.98,10489.5,1815.16,,,,1516.74,-824.28,4.59,0.95,77.71,0.17,,0.012,0.41,0.65,DISTRESS_ZONE,Adapted Z-Score (Cash/TA substitution for unclassified balance sheets),-2.12,LOW_MANIPULATION_RISK,Adapted M-Score (ex-GMI financial institution adjustment),0.083,ELEVATED_ACCRUALS,Sloan Accruals: (Net Income - Operating Cash Flow) / Total Assets,-0.01,NORMAL_ALIGNED,26.56,1275.26,33871.01,54.69,3.23,70.37,0.0,0,0,5,5 missing tags
SOFI,"SoFi Technologies, Inc.",0001818874,Digital Banking & Consumer Credit,2026,,,,,,,,,,,,,,,,,,,,,,MISSING_DATA,Adapted Z-Score (Cash/TA substitution for unclassified balance sheets),,MISSING_DATA,Adapted M-Score (ex-GMI financial institution adjustment),,MISSING_DATA,Sloan Accruals: (Net Income - Operating Cash Flow) / Total Assets,,MISSING_DATA,,,,,,,,0,0,15,15 missing tags
UPST,"Upstart Holdings, Inc.",0001647639,AI Marketplace Lending,2021,2021-12-31,848.59,135.44,168.35,1820.46,1013.38,807.08,695.43,,140.88,3.27,252.48,66.22,16.78,7.44,15.96,0.86,43.03,0.466,3.36,8.51,SAFE_ZONE,Adapted Z-Score (Cash/TA substitution for unclassified balance sheets),,INSUFFICIENT_HISTORY,Adapted M-Score (ex-GMI financial institution adjustment),-0.018,NORMAL_ACCRUALS,Sloan Accruals: (Net Income - Operating Cash Flow) / Total Assets,,INSUFFICIENT_HISTORY,155.43,84.06,13064.84,15.4,16.19,96.46,0.0,0,10,3,10 comparative facts; 3 missing tags
UPST,"Upstart Holdings, Inc.",0001647639,AI Marketplace Lending,2022,2022-12-31,842.44,-108.67,-657.86,1936.05,1263.62,672.44,986.39,,-113.86,10.84,1010.42,-42.44,-16.16,-5.61,-12.9,1.47,-10.5,0.435,0.83,0.72,DISTRESS_ZONE,Adapted Z-Score (Cash/TA substitution for unclassified balance sheets),1.28,ELEVATED_MANIPULATION_RISK,Adapted M-Score (ex-GMI financial institution adjustment),0.284,HIGH_ACCRUALS_RISK,Sloan Accruals: (Net Income - Operating Cash Flow) / Total Assets,3.01,WARNING_RECEIVABLES_SURGE,13.22,81.39,1075.93,1.28,1.6,,0.0,1,9,3,1 facts restated (10-K/A); 9 comparative facts; 3 missing tags
UPST,"Upstart Holdings, Inc.",0001647639,AI Marketplace Lending,2023,2023-12-31,513.56,-240.13,-111.71,2017.1,1381.8,635.31,1040.42,,-256.53,34.89,1156.41,-282.58,-37.8,-11.9,-46.76,1.64,-7.35,0.255,0.44,1.39,DISTRESS_ZONE,Adapted Z-Score (Cash/TA substitution for unclassified balance sheets),-2.44,LOW_MANIPULATION_RISK,Adapted M-Score (ex-GMI financial institution adjustment),-0.064,NORMAL_ACCRUALS,Sloan Accruals: (Net Income - Operating Cash Flow) / Total Assets,0.53,WARNING_RECEIVABLES_SURGE,40.86,86.43,3531.54,6.88,5.56,,0.0,1,8,3,1 facts restated (10-K/A); 8 comparative facts; 3 missing tags
UPST,"Upstart Holdings, Inc.",0001647639,AI Marketplace Lending,2024,2024-12-31,636.53,-128.58,186.33,2366.96,1733.74,633.22,1402.17,,-172.86,,806.3,-411.16,-20.31,-5.43,-20.2,2.21,,0.269,0.79,2.24,GREY_ZONE,Adapted Z-Score (Cash/TA substitution for unclassified balance sheets),-3.37,LOW_MANIPULATION_RISK,Adapted M-Score (ex-GMI financial institution adjustment),-0.133,STRONG_CASH_CONVERSION,Sloan Accruals: (Net Income - Operating Cash Flow) / Total Assets,-0.54,RAPID_TURNOVER_EXPANSION,63.32,93.71,5933.78,9.32,9.37,,0.0,0,9,4,9 comparative facts; 4 missing tags
UPST,"Upstart Holdings, Inc.",0001647639,AI Marketplace Lending,2025,2025-12-31,1043.86,53.6,-147.73,2974.81,2175.99,798.82,1829.15,,42.63,,984.55,-357.56,6.71,1.8,5.13,2.29,,0.351,1.06,1.71,DISTRESS_ZONE,Adapted Z-Score (Cash/TA substitution for unclassified balance sheets),-2.04,LOW_MANIPULATION_RISK,Adapted M-Score (ex-GMI financial institution adjustment),0.068,ELEVATED_ACCRUALS,Sloan Accruals: (Net Income - Operating Cash Flow) / Total Assets,-0.42,RAPID_TURNOVER_EXPANSION,44.96,98.06,4408.83,4.22,5.52,82.25,0.0,0,0,4,4 missing tags
UPST,"Upstart Holdings, Inc.",0001647639,AI Marketplace Lending,2026,,,,,,,,,,,,,,,,,,,,,,MISSING_DATA,Adapted Z-Score (Cash/TA substitution for unclassified balance sheets),,MISSING_DATA,Adapted M-Score (ex-GMI financial institution adjustment),,MISSING_DATA,Sloan Accruals: (Net Income - Operating Cash Flow) / Total Assets,,MISSING_DATA,,,,,,,,0,0,15,15 missing tags
